-- phpMyAdmin SQL Dump
-- version 5.1.1
-- https://www.phpmyadmin.net/
--
-- Host: 127.0.0.1
-- Generation Time: Feb 01, 2023 at 11:58 PM
-- Server version: 10.4.22-MariaDB
-- PHP Version: 8.1.2

SET SQL_MODE = "NO_AUTO_VALUE_ON_ZERO";
START TRANSACTION;
SET time_zone = "+00:00";


/*!40101 SET @OLD_CHARACTER_SET_CLIENT=@@CHARACTER_SET_CLIENT */;
/*!40101 SET @OLD_CHARACTER_SET_RESULTS=@@CHARACTER_SET_RESULTS */;
/*!40101 SET @OLD_COLLATION_CONNECTION=@@COLLATION_CONNECTION */;
/*!40101 SET NAMES utf8mb4 */;

--
-- Database: `jaj`
--

-- --------------------------------------------------------

--
-- Table structure for table `languages`
--

CREATE TABLE `languages` (
  `id` bigint(20) UNSIGNED NOT NULL,
  `lang` varchar(255) COLLATE utf8mb4_unicode_ci NOT NULL,
  `created_at` timestamp NULL DEFAULT NULL,
  `updated_at` timestamp NULL DEFAULT NULL
) ENGINE=InnoDB DEFAULT CHARSET=utf8mb4 COLLATE=utf8mb4_unicode_ci;

--
-- Dumping data for table `languages`
--

INSERT INTO `languages` (`id`, `lang`, `created_at`, `updated_at`) VALUES
(43, 'Plain Text', '2022-09-29 11:31:02', '2022-09-29 11:31:02'),
(44, 'Executable', '2022-09-29 11:31:01', '2022-09-29 11:31:01'),
(45, 'Assembly (NASM 2.14.02)', '2022-09-29 11:31:01', '2022-09-29 11:31:01'),
(46, 'Bash (5.0.0)', '2022-09-29 11:31:01', '2022-09-29 11:31:01'),
(47, 'Basic (FBC 1.07.1)', '2022-09-29 11:31:01', '2022-09-29 11:31:01'),
(48, 'C (GCC 7.4.0)', '2022-09-29 11:31:01', '2022-09-29 11:31:01'),
(49, 'C (GCC 8.3.0)', '2022-09-29 11:31:01', '2022-09-29 11:31:01'),
(50, 'C (GCC 9.2.0)', '2022-09-29 11:31:01', '2022-09-29 11:31:01'),
(51, 'C# (Mono 6.6.0.161)', '2022-09-29 11:31:01', '2022-09-29 11:31:01'),
(52, 'C++ (GCC 7.4.0)', '2022-09-29 11:31:01', '2022-09-29 11:31:01'),
(53, 'C++ (GCC 8.3.0)', '2022-09-29 11:31:01', '2022-09-29 11:31:01'),
(54, 'C++ (GCC 9.2.0)', '2022-09-29 11:31:01', '2022-09-29 11:31:01'),
(55, 'Common Lisp (SBCL 2.0.0)', '2022-09-29 11:31:01', '2022-09-29 11:31:01'),
(56, 'D (DMD 2.089.1)', '2022-09-29 11:31:01', '2022-09-29 11:31:01'),
(57, 'Elixir (1.9.4)', '2022-09-29 11:31:01', '2022-09-29 11:31:01'),
(58, 'Erlang (OTP 22.2)', '2022-09-29 11:31:01', '2022-09-29 11:31:01'),
(59, 'Fortran (GFortran 9.2.0)', '2022-09-29 11:31:01', '2022-09-29 11:31:01'),
(60, 'Go (1.13.5)', '2022-09-29 11:31:01', '2022-09-29 11:31:01'),
(61, 'Haskell (GHC 8.8.1)', '2022-09-29 11:31:01', '2022-09-29 11:31:01'),
(62, 'Java (OpenJDK 13.0.1)', '2022-09-29 11:31:01', '2022-09-29 11:31:01'),
(63, 'JavaScript (Node.js 12.14.0)', '2022-09-29 11:31:02', '2022-09-29 11:31:02'),
(64, 'Lua (5.3.5)', '2022-09-29 11:31:02', '2022-09-29 11:31:02'),
(65, 'OCaml (4.09.0)', '2022-09-29 11:31:02', '2022-09-29 11:31:02'),
(66, 'Octave (5.1.0)', '2022-09-29 11:31:02', '2022-09-29 11:31:02'),
(67, 'Pascal (FPC 3.0.4)', '2022-09-29 11:31:02', '2022-09-29 11:31:02'),
(68, 'PHP (7.4.1)', '2022-09-29 11:31:02', '2022-09-29 11:31:02'),
(69, 'Prolog (GNU Prolog 1.4.5)', '2022-09-29 11:31:02', '2022-09-29 11:31:02'),
(70, 'Python (2.7.17)', '2022-09-29 11:31:02', '2022-09-29 11:31:02'),
(71, 'Python (3.8.1)', '2022-09-29 11:31:02', '2022-09-29 11:31:02'),
(72, 'Ruby (2.7.0)', '2022-09-29 11:31:02', '2022-09-29 11:31:02'),
(73, 'Rust (1.40.0)', '2022-09-29 11:31:02', '2022-09-29 11:31:02'),
(74, 'TypeScript (3.7.4)', '2022-09-29 11:31:02', '2022-09-29 11:31:02'),
(75, 'C (Clang 7.0.1)', '2022-09-29 11:31:01', '2022-09-29 11:31:01'),
(76, 'C++ (Clang 7.0.1)', '2022-09-29 11:31:01', '2022-09-29 11:31:01'),
(77, 'COBOL (GnuCOBOL 2.2)', '2022-09-29 11:31:01', '2022-09-29 11:31:01'),
(78, 'Kotlin (1.3.70)', '2022-09-29 11:31:02', '2022-09-29 11:31:02'),
(79, 'Objective-C (Clang 7.0.1)', '2022-09-29 11:31:02', '2022-09-29 11:31:02'),
(80, 'R (4.0.0)', '2022-09-29 11:31:02', '2022-09-29 11:31:02'),
(81, 'Scala (2.13.2)', '2022-09-29 11:31:02', '2022-09-29 11:31:02'),
(82, 'SQL (SQLite 3.27.2)', '2022-09-29 11:31:02', '2022-09-29 11:31:02'),
(83, 'Swift (5.2.3)', '2022-09-29 11:31:02', '2022-09-29 11:31:02'),
(84, 'Visual Basic.Net (vbnc 0.0.0.5943)', '2022-09-29 11:31:02', '2022-09-29 11:31:02'),
(85, 'Perl (5.28.1)', '2022-09-29 11:31:02', '2022-09-29 11:31:02'),
(86, 'Clojure (1.10.1)', '2022-09-29 11:31:01', '2022-09-29 11:31:01'),
(87, 'F# (.NET Core SDK 3.1.202)', '2022-09-29 11:31:01', '2022-09-29 11:31:01'),
(88, 'Groovy (3.0.3)', '2022-09-29 11:31:01', '2022-09-29 11:31:01'),
(89, 'Multi-file program', '2022-09-29 11:31:02', '2022-09-29 11:31:02');

-- --------------------------------------------------------

--
-- Table structure for table `problem_sets`
--

CREATE TABLE `problem_sets` (
  `id` bigint(20) UNSIGNED NOT NULL,
  `author` bigint(20) UNSIGNED NOT NULL,
  `contest_id` bigint(20) UNSIGNED DEFAULT NULL,
  `title` varchar(255) COLLATE utf8mb4_unicode_ci NOT NULL,
  `statement` longtext COLLATE utf8mb4_unicode_ci NOT NULL,
  `sample_input` longtext COLLATE utf8mb4_unicode_ci DEFAULT NULL,
  `sample_output` longtext COLLATE utf8mb4_unicode_ci NOT NULL,
  `notes` longtext COLLATE utf8mb4_unicode_ci DEFAULT NULL,
  `standerd_input` longtext COLLATE utf8mb4_unicode_ci DEFAULT NULL,
  `standerd_output` longtext COLLATE utf8mb4_unicode_ci NOT NULL,
  `cpu_limit` varchar(255) COLLATE utf8mb4_unicode_ci NOT NULL,
  `mem_limit` varchar(255) COLLATE utf8mb4_unicode_ci NOT NULL,
  `source_limit` varchar(255) COLLATE utf8mb4_unicode_ci NOT NULL,
  `created_at` timestamp NULL DEFAULT NULL,
  `updated_at` timestamp NULL DEFAULT NULL
) ENGINE=InnoDB DEFAULT CHARSET=utf8mb4 COLLATE=utf8mb4_unicode_ci;

--
-- Dumping data for table `problem_sets`
--

INSERT INTO `problem_sets` (`id`, `author`, `contest_id`, `title`, `statement`, `sample_input`, `sample_output`, `notes`, `standerd_input`, `standerd_output`, `cpu_limit`, `mem_limit`, `source_limit`, `created_at`, `updated_at`) VALUES
(1, 1, NULL, 'Hello FECOJ', '<p>Print the as the output field says</p>', NULL, '<p>Welcome to FECOJ</p>', '<p>In this problem here is not input</p>', NULL, 'Welcome to FECOJ', '1000', '256', '20', '2022-09-29 11:51:17', '2022-09-29 11:51:17'),
(2, 1, NULL, 'Basic Sum', '<p>Take two integers and print the output</p>', '<p>4<br>2 3<br>1 2<br>3 5<br>4 5</p>', '<p>5<br>3<br>8<br>9</p>', '<p>First Line contains the number of testcase</p>', '4\r\n2 3\r\n1 2\r\n3 5\r\n4 5', '5\r\n3\r\n8\r\n9', '2000', '256', '20', '2022-09-29 11:54:22', '2022-09-29 11:54:22'),
(3, 3, NULL, 'Multiply X * Y', '<p>You are given two real numbers <strong>X</strong> and <strong>Y</strong>. Multiply both the numbers and print it.</p><h3><strong>Input</strong></h3><p>Input contains two real numbers <strong>X</strong> and <strong>Y</strong> where (0&lt;=X,Y&lt;=1000).</p><h3><strong>Output</strong></h3><p>Print the answer of X*Y. Error less than 10^-6 will be ignored.</p>', '<p>7 5</p>', '<p>35</p>', '<p>Don\'t forget to print new line</p>', '7 5', '35', '1000', '256', '20', '2022-10-08 07:15:58', '2022-10-08 07:15:58'),
(4, 3, NULL, 'Tribonacci Series?', '<p>Erfan loves to play with equations. In this problem, Tashfiq gives you an equation like that:</p><p><strong>a(n) = a(n-1) + a(n-2) + a(n-3)</strong></p><p>Tashfiq also gives you some information about the equation. These are:</p><p>a(0) = X\r\na(1) = Y\r\na(2) = Z\r\n</p><p>Now, Alam who is a teammate of Tashfiq wants to know the value of <strong>a(n)</strong> from you.</p><p>&nbsp;</p><h3><strong>Input</strong></h3><p>The first line of input contains a single integer <strong>T(1&lt;=T&lt;=50)</strong> which denotes the number of test cases. Each next <strong>T</strong> line of input contains four integers <strong>X, Y, Z, N</strong> where <strong>0&lt;=X, Y, Z &lt;=5</strong> and <strong>(0&lt;=N&lt;=50).</strong></p><h3><strong>Output</strong></h3><p>For each test case, print the required output in a new line.</p>', '<p>3<br>0 0 1 4<br>1 2 3 8<br>5 2 1 10<br>&nbsp;</p>', '<p>2<br>125<br>437<br>&nbsp;</p>', '<p>No notes</p>', '3\r\n0 0 1 4\r\n1 2 3 8\r\n5 2 1 10', '2\r\n125\r\n437', '1000', '256', '20', '2022-10-08 07:30:00', '2022-10-08 07:30:00'),
(5, 3, NULL, 'FEC ID Card', '<p>One day, a student of FEC named Erfan forgot to take his student id. So he tried to enter the gate without his id. But the security guards stopped him and took him to the principal\'s office.</p><p>Now, Mizan sir wants to punish the bad boy Erfan. So, he wants to know the details of Erfan.</p><p>You are given student id of Erfan. Your task is to print the details of Erfan.</p><p>The first two digits determine the session of Erfan.<br>The second two digit denotes the department and <br>The last two digits indicate the roll no.</p><p>Department Code of FEC:</p><p>10 - Civil Engineering</p><p>20 - Electrical & Electronic Engineering</p><p>30 - Computer Science & Engineering</p><h3><strong>Input</strong></h3><p>The input contains a single six digits student id of FEC. It is guaranteed that the student id is a valid FEC student id</p><h3><strong>Output</strong></h3><p>Print the necessary details for the given student id. See sample input and output for more details.</p>', '<p>193044</p>', '<p>Roll No: 44<br>Department: Computer Science &amp; Engineering<br>Session: 2019-2020</p>', '<p>No notes here</p>', '193044', 'Roll No: 44\r\nDepartment: Computer Science & Engineering\r\nSession: 2019-2020', '2000', '256', '20', '2022-10-08 07:40:32', '2022-10-08 07:40:32');

-- --------------------------------------------------------

--
-- Table structure for table `submissions`
--

CREATE TABLE `submissions` (
  `id` bigint(20) UNSIGNED NOT NULL,
  `token` varchar(255) COLLATE utf8mb4_unicode_ci NOT NULL,
  `source_code` longtext COLLATE utf8mb4_unicode_ci NOT NULL,
  `who` bigint(20) UNSIGNED NOT NULL,
  `problem` bigint(20) UNSIGNED NOT NULL,
  `lang` bigint(20) UNSIGNED NOT NULL,
  `verdict` varchar(255) COLLATE utf8mb4_unicode_ci NOT NULL,
  `stderr` longtext COLLATE utf8mb4_unicode_ci DEFAULT NULL,
  `time` varchar(255) COLLATE utf8mb4_unicode_ci NOT NULL,
  `memory` varchar(255) COLLATE utf8mb4_unicode_ci NOT NULL,
  `created_at` timestamp NULL DEFAULT NULL,
  `updated_at` timestamp NULL DEFAULT NULL
) ENGINE=InnoDB DEFAULT CHARSET=utf8mb4 COLLATE=utf8mb4_unicode_ci;

--
-- Dumping data for table `submissions`
--

INSERT INTO `submissions` (`id`, `token`, `source_code`, `who`, `problem`, `lang`, `verdict`, `stderr`, `time`, `memory`, `created_at`, `updated_at`) VALUES
(1, 'f0053482-5a08-46b7-850b-62df732571ba', 'Zm9yIF8gaW4gcmFuZ2UoaW50KGlucHV0KCkpKToKICAgIGEsYiA9IG1hcChpbnQsaW5wdXQoKS5zcGxpdCgpKQogICAgcHJpbnQoYStiKQ==', 1, 2, 71, 'Accepted', '0', '0.0195', '3460', '2022-09-29 11:54:44', '2022-09-29 11:54:44'),
(2, 'f2610048-6a8c-42a5-af15-c0ff6c6faa5a', 'cHJpbnQoIldlbGNvbWUgdG8gRkVDT0oiKQ==', 1, 1, 71, 'Wrong Answer', '0', '0.026', '3312', '2022-09-29 11:55:53', '2022-09-29 11:55:53'),
(3, '2e58dbfa-cb62-40e6-a97f-de2c29097b6c', 'cHJpbnQoIldlbGNvbWUgdG8gRkVDT0oiKQ==', 1, 1, 71, 'Wrong Answer', '0', '0.022', '3564', '2022-09-29 12:00:56', '2022-09-29 12:00:56'),
(4, '75c14071-e17b-4bcf-96e9-d27d1ad4ccfc', 'cHJpbnQoIldlbGNvbWUgdG8gRkVDT0oiKQ==', 1, 1, 71, 'In Queue', '0', '0.0', '0', '2022-09-29 12:00:56', '2022-09-29 12:00:56'),
(5, '25a6efae-c08e-488a-bc4c-f3f6191caed9', 'cHJpbnQoIldlbGNvbWUgdG8gRkVDT0oiLGVuZD0nJyk=', 1, 1, 71, 'Wrong Answer', '0', '0.023', '3520', '2022-09-29 12:01:23', '2022-09-29 12:01:23'),
(6, 'e3d46f6d-9164-493a-ad2e-acd299cd6c97', 'cHJpbnQoIldlbGNvbWUgdG8gRkVDT0oiLGVuZD0iIik=', 1, 1, 71, 'Wrong Answer', '0', '0.025', '3268', '2022-09-29 12:02:03', '2022-09-29 12:02:03'),
(7, 'cca4f085-2ba1-4252-b624-e4ae41e9804a', 'I2luY2x1ZGU8aW9zdHJlYW0+CnVzaW5nIG5hbWVzcGFjZSBzdGQ7CgppbnQgbWFpbigpewogICAgY291dDw8IldlbGNvbWUgdG8gRkVDT0oiOwogICAgcmV0dXJuIDA7Cn0=', 1, 1, 71, 'Runtime Error (NZEC)', 'ICBGaWxlICJzY3JpcHQucHkiLCBsaW5lIDIKICAgIHVzaW5nIG5hbWVzcGFj\r\nZSBzdGQ7CiAgICAgICAgICBeClN5bnRheEVycm9yOiBpbnZhbGlkIHN5bnRh\r\neAo=\r\n', '0.019', '3368', '2022-09-29 12:03:54', '2022-09-29 12:03:54'),
(8, '7b05268a-d499-4f4c-94cf-6a9c23927b60', 'I2luY2x1ZGU8aW9zdHJlYW0+CnVzaW5nIG5hbWVzcGFjZSBzdGQ7CgppbnQgbWFpbigpewogICAgY291dDw8IldlbGNvbWUgdG8gRkVDT0oiOwogICAgcmV0dXJuIDA7Cn0=', 1, 1, 54, 'Wrong Answer', '0', '0.008', '5096', '2022-09-29 12:04:12', '2022-09-29 12:04:12'),
(9, '7edcbf80-3d6f-4d6a-8820-b9db4282640b', 'I2luY2x1ZGU8aW9zdHJlYW0+CnVzaW5nIG5hbWVzcGFjZSBzdGQ7CgppbnQgbWFpbigpewogICAgY291dDw8IldlbGNvbWUgdG8gRkVDT0oiOwogICAgcmV0dXJuIDA7Cn0=', 1, 1, 71, 'Runtime Error (NZEC)', 'ICBGaWxlICJzY3JpcHQucHkiLCBsaW5lIDIKICAgIHVzaW5nIG5hbWVzcGFj\r\nZSBzdGQ7CiAgICAgICAgICBeClN5bnRheEVycm9yOiBpbnZhbGlkIHN5bnRh\r\neAo=\r\n', '0.027', '3428', '2022-09-29 12:07:50', '2022-09-29 12:07:50'),
(10, 'd6e5801c-ee5b-4178-a2f7-112c62714c7b', 'I2luY2x1ZGU8aW9zdHJlYW0+CnVzaW5nIG5hbWVzcGFjZSBzdGQ7CgppbnQgbWFpbigpewogICAgY291dDw8IldlbGNvbWUgdG8gRkVDT0oiOwogICAgcmV0dXJuIDA7Cn0=', 1, 1, 54, 'Accepted', '0', '0.006', '1684', '2022-09-29 12:08:05', '2022-09-29 12:08:05'),
(11, '171c56d6-5268-4f52-a41f-85fc8a491cf4', 'cHJpbnQoIldlbGNvbWUgdG8gRkVDT0oiLGVuZD0iIik=', 1, 1, 71, 'Accepted', '0', '0.02', '3446', '2022-09-29 12:08:27', '2022-09-29 12:08:27'),
(12, 'c4f0d2cb-1315-4a40-8684-35696ac902b2', 'cHJpbnQoIldlbGNvbWUgdG8gRkVDT0oiKQ==', 1, 1, 71, 'Accepted', '0', '0.03', '3444', '2022-09-29 12:09:01', '2022-09-29 12:09:01'),
(13, 'a138bf00-46ee-45aa-b842-6707401ad5ed', 'Zm9yIF8gaW4gcmFuZ2UoaW50KGlucHV0KCkpKToKICAgIGEsYiA9IG1hcChpbnQsaW5wdXQoKS5zcGxpdCgpKQogICAgcHJpbnQoYStiKQ==', 2, 2, 71, 'Accepted', '0', '0.0195', '3406', '2022-09-30 03:28:52', '2022-09-30 03:28:52'),
(14, 'ace48592-6f79-47f0-9599-c3d3722913fd', 'I2luY2x1ZGU8aW9zdHJlYW0+CnVzaW5nIG5hbWVzcGFjZSBzdGQ7CgppbnQgbWFpbigpewogICAgY291dDw8IldlbGNvbWUgdG8gRkVDT0oiOwogICAgcmV0dXJuIDA7Cn0=', 2, 1, 46, 'Runtime Error (NZEC)', 'c2NyaXB0LnNoOiBsaW5lIDI6IHVzaW5nOiBjb21tYW5kIG5vdCBmb3VuZApz\r\nY3JpcHQuc2g6IGxpbmUgNDogc3ludGF4IGVycm9yIG5lYXIgdW5leHBlY3Rl\r\nZCB0b2tlbiBgKCcKc2NyaXB0LnNoOiBsaW5lIDQ6IGBpbnQgbWFpbigpeycK\r\n', '0.01', '2932', '2022-09-30 03:33:12', '2022-09-30 03:33:12'),
(15, 'a722cf48-8a75-47bc-8f9d-18e77823b8c1', 'I2luY2x1ZGU8aW9zdHJlYW0+CnVzaW5nIG5hbWVzcGFjZSBzdGQ7CgppbnQgbWFpbigpewogICAgY291dDw8IldlbGNvbWUgdG8gRkVDT0oiOwogICAgcmV0dXJuIDA7Cn0=', 2, 1, 54, 'Accepted', '0', '0.0075', '3076', '2022-09-30 03:35:20', '2022-09-30 03:35:20'),
(16, '795d08a1-1797-4bbe-939f-a16bca727aec', 'I2luY2x1ZGUgPGlvc3RyZWFtPgp1c2luZyBuYW1lc3BhY2Ugc3RkOwpjbGFzcyBOb2RlCnsKcHVibGljOgogICAgaW50IGRhdGE7CiAgICBOb2RlICpuZXh0OwogICAgTm9kZShpbnQgZCkKICAgIHsKICAgICAgICBkYXRhID0gZDsKICAgICAgICBuZXh0ID0gTlVMTDsKICAgIH0KfTsKY2xhc3MgTGlua2VkTGlzdAp7CnB1YmxpYzoKICAgIE5vZGUgKmhlYWQ7CiAgICBMaW5rZWRMaXN0KCkKICAgIHsKICAgICAgICBoZWFkID0gTlVMTDsKICAgIH0KICAgIHZvaWQgaW5zZXJ0QXRFbmQoaW50IGQpCiAgICB7CiAgICAgICAgTm9kZSAqdGVtcCA9IG5ldyBOb2RlKGQpOwogICAgICAgIGlmIChoZWFkID09IE5VTEwpCiAgICAgICAgewogICAgICAgICAgICBoZWFkID0gdGVtcDsKICAgICAgICAgICAgcmV0dXJuOwogICAgICAgIH0KICAgICAgICBOb2RlICpjdXJyID0gaGVhZDsKICAgICAgICB3aGlsZSAoY3Vyci0+bmV4dCAhPSBOVUxMKQogICAgICAgIHsKICAgICAgICAgICAgY3VyciA9IGN1cnItPm5leHQ7CiAgICAgICAgfQogICAgICAgIGN1cnItPm5leHQgPSB0ZW1wOwogICAgfQogICAgdm9pZCBpbnNlcnRBdFN0YXJ0KGludCBkKQogICAgewogICAgICAgIE5vZGUgKnRlbXAgPSBuZXcgTm9kZShkKTsKICAgICAgICBpZiAoaGVhZCA9PSBOVUxMKQogICAgICAgIHsKICAgICAgICAgICAgaGVhZCA9IHRlbXA7CiAgICAgICAgICAgIHJldHVybjsKICAgICAgICB9CiAgICAgICAgdGVtcC0+bmV4dCA9IGhlYWQ7CiAgICAgICAgaGVhZCA9IHRlbXA7CiAgICB9CiAgICB2b2lkIGluc2VydEF0UG9zKGludCBkLCBpbnQgcG9zKQogICAgewogICAgICAgIE5vZGUgKnRlbXAgPSBuZXcgTm9kZShkKTsKICAgICAgICBpZiAoaGVhZCA9PSBOVUxMKQogICAgICAgIHsKICAgICAgICAgICAgaGVhZCA9IHRlbXA7CiAgICAgICAgICAgIHJldHVybjsKICAgICAgICB9CiAgICAgICAgTm9kZSAqY3VyciA9IGhlYWQ7CiAgICAgICAgaW50IGkgPSAwOwogICAgICAgIHdoaWxlIChpIDwgcG9zIC0gMSkKICAgICAgICB7CiAgICAgICAgICAgIGN1cnIgPSBjdXJyLT5uZXh0OwogICAgICAgICAgICBpKys7CiAgICAgICAgfQogICAgICAgIHRlbXAtPm5leHQgPSBjdXJyLT5uZXh0OwogICAgICAgIGN1cnItPm5leHQgPSB0ZW1wOwogICAgfQogICAgdm9pZCBkZWxldGVBdEVuZCgpCiAgICB7CiAgICAgICAgaWYgKGhlYWQgPT0gTlVMTCkKICAgICAgICB7CiAgICAgICAgICAgIHJldHVybjsKICAgICAgICB9CiAgICAgICAgTm9kZSAqY3VyciA9IGhlYWQ7CiAgICAgICAgd2hpbGUgKGN1cnItPm5leHQtPm5leHQgIT0gTlVMTCkKICAgICAgICB7CiAgICAgICAgICAgIGN1cnIgPSBjdXJyLT5uZXh0OwogICAgICAgIH0KICAgICAgICBjdXJyLT5uZXh0ID0gTlVMTDsKICAgIH0KICAgIHZvaWQgZGVsZXRlQXRTdGFydCgpCiAgICB7CiAgICAgICAgaWYgKGhlYWQgPT0gTlVMTCkKICAgICAgICB7CiAgICAgICAgICAgIHJldHVybjsKICAgICAgICB9CiAgICAgICAgTm9kZSAqdGVtcCA9IGhlYWQ7CiAgICAgICAgaGVhZCA9IGhlYWQtPm5leHQ7CiAgICAgICAgZGVsZXRlIHRlbXA7CiAgICB9CiAgICB2b2lkIGRlbGV0ZUF0UG9zKGludCBwb3MpCiAgICB7CiAgICAgICAgaWYgKGhlYWQgPT0gTlVMTCkKICAgICAgICB7CiAgICAgICAgICAgIHJldHVybjsKICAgICAgICB9CiAgICAgICAgTm9kZSAqY3VyciA9IGhlYWQ7CiAgICAgICAgaW50IGkgPSAwOwogICAgICAgIHdoaWxlIChpIDwgcG9zIC0gMSkKICAgICAgICB7CiAgICAgICAgICAgIGN1cnIgPSBjdXJyLT5uZXh0OwogICAgICAgICAgICBpKys7CiAgICAgICAgfQogICAgICAgIE5vZGUgKnRlbXAgPSBjdXJyLT5uZXh0OwogICAgICAgIGN1cnItPm5leHQgPSBjdXJyLT5uZXh0LT5uZXh0OwogICAgICAgIGRlbGV0ZSB0ZW1wOwogICAgfQoKICAgIHZvaWQgcHJpbnQoKQogICAgewogICAgICAgIE5vZGUgKmN1cnIgPSBoZWFkOwogICAgICAgIHdoaWxlIChjdXJyICE9IE5VTEwpCiAgICAgICAgewogICAgICAgICAgICBjb3V0IDw8IGN1cnItPmRhdGEgPDwgIiAiOwogICAgICAgICAgICBjdXJyID0gY3Vyci0+bmV4dDsKICAgICAgICB9CiAgICAgICAgY291dCA8PCBlbmRsOwogICAgfQoKICAgIC8vc2VhcmNoaW5nCiAgICBpbnQgc2VhcmNoKGludCBkKXsKICAgICAgICBOb2RlICpjdXJyID0gaGVhZDsKICAgICAgICBpbnQgY291bnQgPS0xOwogICAgICAgIHdoaWxlKGN1cnIhPU5VTEwpewogICAgICAgICAgICBjb3VudCsrOwogICAgICAgICAgICBpZihjdXJyLT5kYXRhID09IGQpewogICAgICAgICAgICAgICAgcmV0dXJuIGNvdW50OwogICAgICAgICAgICB9CiAgICAgICAgICAgIGVsc2V7CiAgICAgICAgICAgICAgICBjdXJyID0gY3Vyci0+bmV4dDsKICAgICAgICAgICAgfQogICAgICAgIAogICAgICAgIH0KICAgICAgICByZXR1cm4gLTE7CiAgICB9Cn07CgppbnQgbWFpbigpewogICAgTGlua2VkTGlzdCBsaXN0OwogICAgCiAgICBsaXN0Lmluc2VydEF0RW5kKDEwKTsKICAgIGxpc3QuaW5zZXJ0QXRFbmQoMTUpOwogICAgbGlzdC5pbnNlcnRBdEVuZCgyMCk7CiAgICBsaXN0Lmluc2VydEF0RW5kKDQ1KTsKICAgIGxpc3QuaW5zZXJ0QXRFbmQoMTAwKTsKICAgIC8vbGlzdC5kZWxldGVBdFBvcygzKTsKICAgIGxpc3QucHJpbnQoKTsKICAgIGludCByZXN1bHQgPSBsaXN0LnNlYXJjaCg0NSk7CiAgICByZXN1bHQ9PS0xP2NvdXQ8PCJEYXRhIE5vdCBGb3VuZCI8PGVuZGw6Y291dDw8IkRhdGEgZm91bmQgYXQgIjw8IHJlc3VsdDw8ZW5kbDsKfQ==', 2, 1, 54, 'Wrong Answer', '0', '0.007', '1768', '2022-09-30 03:36:07', '2022-09-30 03:36:07'),
(17, '4d066b6a-1088-4459-a47c-db3832ce4295', 'I2luY2x1ZGU8c3RkaW8uaD4KCmludCBtYWluKCkKewogICAgaW50IHQsYSxiOwogICAgc2NhbmYoIiVkIiwgJnQpOwogICAgZm9yKGludCBpPTA7aTx0O2krKyl7CiAgICAgICAgc2NhbmYoIiVkJWQiLCZhLCZiKTsKICAgICAgICBwcmludGYoIiVkIiwgYStiKTsKICAgIH0KCgp9', 3, 2, 48, 'Wrong Answer', '0', '0.043', '18624', '2022-09-30 05:21:33', '2022-09-30 05:21:33'),
(18, 'd2e65196-b9dc-45b6-9555-161608c52200', 'I2luY2x1ZGU8c3RkaW8uaD4KCmludCBtYWluKCkKewogICAgaW50IHQsYSxiOwogICAgc2NhbmYoIiVkIiwgJnQpOwogICAgZm9yKGludCBpPTA7aTx0O2krKyl7CiAgICAgICAgc2NhbmYoIiVkJWQiLCZhLCZiKTsKICAgICAgICBwcmludGYoIiVkXG4iLCBhK2IpOwogICAgfQoKCn0=', 3, 2, 48, 'Accepted', '0', '0.0045', '11032', '2022-09-30 05:23:09', '2022-09-30 05:23:09'),
(19, '25455d52-0a13-40b8-9b6c-4ac668a9dfc8', 'Zm9yIF8gaW4gcmFuZ2UoaW50KGlucHV0KCkpKToKICAgIGEsYiA9IG1hcChpbnQsaW5wdXQoKS5zcGxpdCgpKQogICAgcHJpbnQoYStiKQ==', 1, 2, 71, 'Accepted', '0', '0.0365', '3436', '2022-10-03 23:50:55', '2022-10-03 23:50:55'),
(20, '5033ce4b-b150-47c1-baff-fe77eb8c1838', 'I2luY2x1ZGU8aW9zdHJlYW0+CnVzaW5nIG5hbWVzcGFjZSBzdGQ7CgppbnQgbWFpbigpewogICAgY291dDw8IldlbGNvbWUgdG8gRkVDT0oiOwogICAgcmV0dXJuIDA7Cn0=', 1, 1, 71, 'Runtime Error (NZEC)', 'ICBGaWxlICJzY3JpcHQucHkiLCBsaW5lIDIKICAgIHVzaW5nIG5hbWVzcGFj\r\nZSBzdGQ7CiAgICAgICAgICBeClN5bnRheEVycm9yOiBpbnZhbGlkIHN5bnRh\r\neAo=\r\n', '0.023', '3368', '2022-10-03 23:56:23', '2022-10-03 23:56:23'),
(21, '8d34a32c-5a4b-4982-86b9-ed88e5370be1', 'cHJpbnQoIldlbGNvbWUgdG8gRkVDT0oiKQ==', 1, 1, 71, 'Accepted', '0', '0.0325', '3312', '2022-10-03 23:56:54', '2022-10-03 23:56:54');
INSERT INTO `submissions` (`id`, `token`, `source_code`, `who`, `problem`, `lang`, `verdict`, `stderr`, `time`, `memory`, `created_at`, `updated_at`) VALUES
(22, '2ce49a67-0a2d-40d1-88b5-e83a5304a833', 'z/rt/gcAAAEDAAAAAgAAABEAAADYBQAAhYAhAAAAAAAZAAAASAAAAF9fUEFHRVpFUk8AAAAAAAAAAAAAAAAAAAAAAAABAAAAAAAAAAAAAAAAAAAAAAAAAAAAAAAAAAAAAAAAAAAAAAAZAAAAKAIAAF9fVEVYVAAAAAAAAAAAAAAAAAAAAQAAAABAAAAAAAAAAAAAAAAAAAAAQAAAAAAAAAUAAAAFAAAABgAAAAAAAABfX3RleHQAAAAAAAAAAAAAX19URVhUAAAAAAAAAAAAAMAwAAABAAAAtAwAAAAAAADAMAAABAAAAAAAAAAAAAAAAAQAgAAAAAAAAAAAAAAAAF9fc3R1YnMAAAAAAAAAAABfX1RFWFQAAAAAAAAAAAAAdD0AAAEAAAB4AAAAAAAAAHQ9AAABAAAAAAAAAAAAAAAIBACAAAAAAAYAAAAAAAAAX19zdHViX2hlbHBlcgAAAF9fVEVYVAAAAAAAAAAAAADsPQAAAQAAAKYAAAAAAAAA7D0AAAIAAAAAAAAAAAAAAAAEAIAAAAAAAAAAAAAAAABfX2djY19leGNlcHRfdGFiX19URVhUAAAAAAAAAAAAAJQ+AAABAAAArAAAAAAAAACUPgAAAgAAAAAAAAAAAAAAAAAAAAAAAAAAAAAAAAAAAF9fY3N0cmluZwAAAAAAAABfX1RFWFQAAAAAAAAAAAAAQD8AAAEAAAARAAAAAAAAAEA/AAAAAAAAAAAAAAAAAAACAAAAAAAAAAAAAAAAAAAAX191bndpbmRfaW5mbwAAAF9fVEVYVAAAAAAAAAAAAABUPwAAAQAAAKwAAAAAAAAAVD8AAAIAAAAAAAAAAAAAAAAAAAAAAAAAAAAAAAAAAAAZAAAAmAAAAF9fREFUQV9DT05TVAAAAAAAQAAAAQAAAABAAAAAAAAAAEAAAAAAAAAAQAAAAAAAAAMAAAADAAAAAQAAABAAAABfX2dvdAAAAAAAAAAAAAAAX19EQVRBX0NPTlNUAAAAAABAAAABAAAAIAAAAAAAAAAAQAAAAwAAAAAAAAAAAAAABgAAABQAAAAAAAAAAAAAABkAAADoAAAAX19EQVRBAAAAAAAAAAAAAACAAAABAAAAAEAAAAAAAAAAgAAAAAAAAABAAAAAAAAAAwAAAAMAAAACAAAAAAAAAF9fbGFfc3ltYm9sX3B0cgBfX0RBVEEAAAAAAAAAAAAAAIAAAAEAAACgAAAAAAAAAACAAAADAAAAAAAAAAAAAAAHAAAAGAAAAAAAAAAAAAAAX19kYXRhAAAAAAAAAAAAAF9fREFUQQAAAAAAAAAAAACggAAAAQAAAAgAAAAAAAAAoIAAAAMAAAAAAAAAAAAAAAAAAAAAAAAAAAAAAAAAAAAZAAAASAAAAF9fTElOS0VESVQAAAAAAAAAwAAAAQAAAABAAAAAAAAAAMAAAAAAAABAGQAAAAAAAAEAAAABAAAAAAAAAAAAAAAiAACAMAAAAADAAAAIAAAACMAAAGAAAABowAAAKAEAAJDBAACAAgAAEMQAACgBAAACAAAAGAAAAHDFAABJAAAAsMoAAJAOAAALAAAAUAAAAAAAAAAvAAAALwAAAAcAAAA2AAAAEwAAAAAAAAAAAAAAAAAAAAAAAAAAAAAAAAAAAADKAAAsAAAAAAAAAAAAAAAAAAAAAAAAAA4AAAAgAAAADAAAAC91c3IvbGliL2R5bGQAAAAAAAAAGwAAABgAAABhhD/przs3HYktYaBi7ZB0MgAAACAAAAABAAAAAAAMAAADDAABAAAAAwAAAAAA/AIqAAAAEAAAAAAAAAAAAAAAKAAAgBgAAADAMAAAAAAAAAAAAAAAAAAADAAAADAAAAAYAAAAAgAAAAAXFAUAAAEAL3Vzci9saWIvbGliYysrLjEuZHlsaWIADAAAADgAAAAYAAAAAgAAAANkHwUAAAEAL3Vzci9saWIvbGliU3lzdGVtLkIuZHlsaWIAAAAAAAAmAAAAEAAAADjFAAA4AAAAKQAAABAAAABwxQAAAAAAAAAAAAAAAAAAAAAAAAAAAAAAAAAAAAAAAAAAAAAAAAAAAAAAAAAAAAAAAAAAAAAAAAAAAAAAAAAAAAAAAAAAAAAAAAAAAAAAAAAAAAAAAAAAAAAAAAAAAAAAAAAAAAAAAAAAAAAAAAAAAAAAAAAAAAAAAAAAAAAAAAAAAAAAAAAAAAAAAAAAAAAAAAAAAAAAAAAAAAAAAAAAAAAAAAAAAAAAAAAAAAAAAAAAAAAAAAAAAAAAAAAAAAAAAAAAAAAAAAAAAAAAAAAAAAAAAAAAAAAAAAAAAAAAAAAAAAAAAAAAAAAAAAAAAAAAAAAAAAAAAAAAAAAAAAAAAAAAAAAAAAAAAAAAAAAAAAAAAAAAAAAAAAAAAAAAAAAAAAAAAAAAAAAAAAAAAAAAAAAAAAAAAAAAAAAAAAAAAAAAAAAAAAAAAAAAAAAAAAAAAAAAAAAAAAAAAAAAAAAAAAAAAAAAAAAAAAAAAAAAAAAAAAAAAAAAAAAAAAAAAAAAAAAAAAAAAAAAAAAAAAAAAAAAAAAAAAAAAAAAAAAAAAAAAAAAAAAAAAAAAAAAAAAAAAAAAAAAAAAAAAAAAAAAAAAAAAAAAAAAAAAAAAAAAAAAAAAAAAAAAAAAAAAAAAAAAAAAAAAAAAAAAAAAAAAAAAAAAAAAAAAAAAAAAAAAAAAAAAAAAAAAAAAAAAAAAAAAAAAAAAAAAAAAAAAAAAAAAAAAAAAAAAAAAAAAAAAAAAAAAAAAAAAAAAAAAAAAAAAAAAAAAAAAAAAAAAAAAAAAAAAAAAAAAAAAAAAAAAAAAAAAAAAAAAAAAAAAAAAAAAAAAAAAAAAAAAAAAAAAAAAAAAAAAAAAAAAAAAAAAAAAAAAAAAAAAAAAAAAAAAAAAAAAAAAAAAAAAAAAAAAAAAAAAAAAAAAAAAAAAAAAAAAAAAAAAAAAAAAAAAAAAAAAAAAAAAAAAAAAAAAAAAAAAAAAAAAAAAAAAAAAAAAAAAAAAAAAAAAAAAAAAAAAAAAAAAAAAAAAAAAAAAAAAAAAAAAAAAAAAAAAAAAAAAAAAAAAAAAAAAAAAAAAAAAAAAAAAAAAAAAAAAAAAAAAAAAAAAAAAAAAAAAAAAAAAAAAAAAAAAAAAAAAAAAAAAAAAAAAAAAAAAAAAAAAAAAAAAAAAAAAAAAAAAAAAAAAAAAAAAAAAAAAAAAAAAAAAAAAAAAAAAAAAAAAAAAAAAAAAAAAAAAAAAAAAAAAAAAAAAAAAAAAAAAAAAAAAAAAAAAAAAAAAAAAAAAAAAAAAAAAAAAAAAAAAAAAAAAAAAAAAAAAAAAAAAAAAAAAAAAAAAAAAAAAAAAAAAAAAAAAAAAAAAAAAAAAAAAAAAAAAAAAAAAAAAAAAAAAAAAAAAAAAAAAAAAAAAAAAAAAAAAAAAAAAAAAAAAAAAAAAAAAAAAAAAAAAAAAAAAAAAAAAAAAAAAAAAAAAAAAAAAAAAAAAAAAAAAAAAAAAAAAAAAAAAAAAAAAAAAAAAAAAAAAAAAAAAAAAAAAAAAAAAAAAAAAAAAAAAAAAAAAAAAAAAAAAAAAAAAAAAAAAAAAAAAAAAAAAAAAAAAAAAAAAAAAAAAAAAAAAAAAAAAAAAAAAAAAAAAAAAAAAAAAAAAAAAAAAAAAAAAAAAAAAAAAAAAAAAAAAAAAAAAAAAAAAAAAAAAAAAAAAAAAAAAAAAAAAAAAAAAAAAAAAAAAAAAAAAAAAAAAAAAAAAAAAAAAAAAAAAAAAAAAAAAAAAAAAAAAAAAAAAAAAAAAAAAAAAAAAAAAAAAAAAAAAAAAAAAAAAAAAAAAAAAAAAAAAAAAAAAAAAAAAAAAAAAAAAAAAAAAAAAAAAAAAAAAAAAAAAAAAAAAAAAAAAAAAAAAAAAAAAAAAAAAAAAAAAAAAAAAAAAAAAAAAAAAAAAAAAAAAAAAAAAAAAAAAAAAAAAAAAAAAAAAAAAAAAAAAAAAAAAAAAAAAAAAAAAAAAAAAAAAAAAAAAAAAAAAAAAAAAAAAAAAAAAAAAAAAAAAAAAAAAAAAAAAAAAAAAAAAAAAAAAAAAAAAAAAAAAAAAAAAAAAAAAAAAAAAAAAAAAAAAAAAAAAAAAAAAAAAAAAAAAAAAAAAAAAAAAAAAAAAAAAAAAAAAAAAAAAAAAAAAAAAAAAAAAAAAAAAAAAAAAAAAAAAAAAAAAAAAAAAAAAAAAAAAAAAAAAAAAAAAAAAAAAAAAAAAAAAAAAAAAAAAAAAAAAAAAAAAAAAAAAAAAAAAAAAAAAAAAAAAAAAAAAAAAAAAAAAAAAAAAAAAAAAAAAAAAAAAAAAAAAAAAAAAAAAAAAAAAAAAAAAAAAAAAAAAAAAAAAAAAAAAAAAAAAAAAAAAAAAAAAAAAAAAAAAAAAAAAAAAAAAAAAAAAAAAAAAAAAAAAAAAAAAAAAAAAAAAAAAAAAAAAAAAAAAAAAAAAAAAAAAAAAAAAAAAAAAAAAAAAAAAAAAAAAAAAAAAAAAAAAAAAAAAAAAAAAAAAAAAAAAAAAAAAAAAAAAAAAAAAAAAAAAAAAAAAAAAAAAAAAAAAAAAAAAAAAAAAAAAAAAAAAAAAAAAAAAAAAAAAAAAAAAAAAAAAAAAAAAAAAAAAAAAAAAAAAAAAAAAAAAAAAAAAAAAAAAAAAAAAAAAAAAAAAAAAAAAAAAAAAAAAAAAAAAAAAAAAAAAAAAAAAAAAAAAAAAAAAAAAAAAAAAAAAAAAAAAAAAAAAAAAAAAAAAAAAAAAAAAAAAAAAAAAAAAAAAAAAAAAAAAAAAAAAAAAAAAAAAAAAAAAAAAAAAAAAAAAAAAAAAAAAAAAAAAAAAAAAAAAAAAAAAAAAAAAAAAAAAAAAAAAAAAAAAAAAAAAAAAAAAAAAAAAAAAAAAAAAAAAAAAAAAAAAAAAAAAAAAAAAAAAAAAAAAAAAAAAAAAAAAAAAAAAAAAAAAAAAAAAAAAAAAAAAAAAAAAAAAAAAAAAAAAAAAAAAAAAAAAAAAAAAAAAAAAAAAAAAAAAAAAAAAAAAAAAAAAAAAAAAAAAAAAAAAAAAAAAAAAAAAAAAAAAAAAAAAAAAAAAAAAAAAAAAAAAAAAAAAAAAAAAAAAAAAAAAAAAAAAAAAAAAAAAAAAAAAAAAAAAAAAAAAAAAAAAAAAAAAAAAAAAAAAAAAAAAAAAAAAAAAAAAAAAAAAAAAAAAAAAAAAAAAAAAAAAAAAAAAAAAAAAAAAAAAAAAAAAAAAAAAAAAAAAAAAAAAAAAAAAAAAAAAAAAAAAAAAAAAAAAAAAAAAAAAAAAAAAAAAAAAAAAAAAAAAAAAAAAAAAAAAAAAAAAAAAAAAAAAAAAAAAAAAAAAAAAAAAAAAAAAAAAAAAAAAAAAAAAAAAAAAAAAAAAAAAAAAAAAAAAAAAAAAAAAAAAAAAAAAAAAAAAAAAAAAAAAAAAAAAAAAAAAAAAAAAAAAAAAAAAAAAAAAAAAAAAAAAAAAAAAAAAAAAAAAAAAAAAAAAAAAAAAAAAAAAAAAAAAAAAAAAAAAAAAAAAAAAAAAAAAAAAAAAAAAAAAAAAAAAAAAAAAAAAAAAAAAAAAAAAAAAAAAAAAAAAAAAAAAAAAAAAAAAAAAAAAAAAAAAAAAAAAAAAAAAAAAAAAAAAAAAAAAAAAAAAAAAAAAAAAAAAAAAAAAAAAAAAAAAAAAAAAAAAAAAAAAAAAAAAAAAAAAAAAAAAAAAAAAAAAAAAAAAAAAAAAAAAAAAAAAAAAAAAAAAAAAAAAAAAAAAAAAAAAAAAAAAAAAAAAAAAAAAAAAAAAAAAAAAAAAAAAAAAAAAAAAAAAAAAAAAAAAAAAAAAAAAAAAAAAAAAAAAAAAAAAAAAAAAAAAAAAAAAAAAAAAAAAAAAAAAAAAAAAAAAAAAAAAAAAAAAAAAAAAAAAAAAAAAAAAAAAAAAAAAAAAAAAAAAAAAAAAAAAAAAAAAAAAAAAAAAAAAAAAAAAAAAAAAAAAAAAAAAAAAAAAAAAAAAAAAAAAAAAAAAAAAAAAAAAAAAAAAAAAAAAAAAAAAAAAAAAAAAAAAAAAAAAAAAAAAAAAAAAAAAAAAAAAAAAAAAAAAAAAAAAAAAAAAAAAAAAAAAAAAAAAAAAAAAAAAAAAAAAAAAAAAAAAAAAAAAAAAAAAAAAAAAAAAAAAAAAAAAAAAAAAAAAAAAAAAAAAAAAAAAAAAAAAAAAAAAAAAAAAAAAAAAAAAAAAAAAAAAAAAAAAAAAAAAAAAAAAAAAAAAAAAAAAAAAAAAAAAAAAAAAAAAAAAAAAAAAAAAAAAAAAAAAAAAAAAAAAAAAAAAAAAAAAAAAAAAAAAAAAAAAAAAAAAAAAAAAAAAAAAAAAAAAAAAAAAAAAAAAAAAAAAAAAAAAAAAAAAAAAAAAAAAAAAAAAAAAAAAAAAAAAAAAAAAAAAAAAAAAAAAAAAAAAAAAAAAAAAAAAAAAAAAAAAAAAAAAAAAAAAAAAAAAAAAAAAAAAAAAAAAAAAAAAAAAAAAAAAAAAAAAAAAAAAAAAAAAAAAAAAAAAAAAAAAAAAAAAAAAAAAAAAAAAAAAAAAAAAAAAAAAAAAAAAAAAAAAAAAAAAAAAAAAAAAAAAAAAAAAAAAAAAAAAAAAAAAAAAAAAAAAAAAAAAAAAAAAAAAAAAAAAAAAAAAAAAAAAAAAAAAAAAAAAAAAAAAAAAAAAAAAAAAAAAAAAAAAAAAAAAAAAAAAAAAAAAAAAAAAAAAAAAAAAAAAAAAAAAAAAAAAAAAAAAAAAAAAAAAAAAAAAAAAAAAAAAAAAAAAAAAAAAAAAAAAAAAAAAAAAAAAAAAAAAAAAAAAAAAAAAAAAAAAAAAAAAAAAAAAAAAAAAAAAAAAAAAAAAAAAAAAAAAAAAAAAAAAAAAAAAAAAAAAAAAAAAAAAAAAAAAAAAAAAAAAAAAAAAAAAAAAAAAAAAAAAAAAAAAAAAAAAAAAAAAAAAAAAAAAAAAAAAAAAAAAAAAAAAAAAAAAAAAAAAAAAAAAAAAAAAAAAAAAAAAAAAAAAAAAAAAAAAAAAAAAAAAAAAAAAAAAAAAAAAAAAAAAAAAAAAAAAAAAAAAAAAAAAAAAAAAAAAAAAAAAAAAAAAAAAAAAAAAAAAAAAAAAAAAAAAAAAAAAAAAAAAAAAAAAAAAAAAAAAAAAAAAAAAAAAAAAAAAAAAAAAAAAAAAAAAAAAAAAAAAAAAAAAAAAAAAAAAAAAAAAAAAAAAAAAAAAAAAAAAAAAAAAAAAAAAAAAAAAAAAAAAAAAAAAAAAAAAAAAAAAAAAAAAAAAAAAAAAAAAAAAAAAAAAAAAAAAAAAAAAAAAAAAAAAAAAAAAAAAAAAAAAAAAAAAAAAAAAAAAAAAAAAAAAAAAAAAAAAAAAAAAAAAAAAAAAAAAAAAAAAAAAAAAAAAAAAAAAAAAAAAAAAAAAAAAAAAAAAAAAAAAAAAAAAAAAAAAAAAAAAAAAAAAAAAAAAAAAAAAAAAAAAAAAAAAAAAAAAAAAAAAAAAAAAAAAAAAAAAAAAAAAAAAAAAAAAAAAAAAAAAAAAAAAAAAAAAAAAAAAAAAAAAAAAAAAAAAAAAAAAAAAAAAAAAAAAAAAAAAAAAAAAAAAAAAAAAAAAAAAAAAAAAAAAAAAAAAAAAAAAAAAAAAAAAAAAAAAAAAAAAAAAAAAAAAAAAAAAAAAAAAAAAAAAAAAAAAAAAAAAAAAAAAAAAAAAAAAAAAAAAAAAAAAAAAAAAAAAAAAAAAAAAAAAAAAAAAAAAAAAAAAAAAAAAAAAAAAAAAAAAAAAAAAAAAAAAAAAAAAAAAAAAAAAAAAAAAAAAAAAAAAAAAAAAAAAAAAAAAAAAAAAAAAAAAAAAAAAAAAAAAAAAAAAAAAAAAAAAAAAAAAAAAAAAAAAAAAAAAAAAAAAAAAAAAAAAAAAAAAAAAAAAAAAAAAAAAAAAAAAAAAAAAAAAAAAAAAAAAAAAAAAAAAAAAAAAAAAAAAAAAAAAAAAAAAAAAAAAAAAAAAAAAAAAAAAAAAAAAAAAAAAAAAAAAAAAAAAAAAAAAAAAAAAAAAAAAAAAAAAAAAAAAAAAAAAAAAAAAAAAAAAAAAAAAAAAAAAAAAAAAAAAAAAAAAAAAAAAAAAAAAAAAAAAAAAAAAAAAAAAAAAAAAAAAAAAAAAAAAAAAAAAAAAAAAAAAAAAAAAAAAAAAAAAAAAAAAAAAAAAAAAAAAAAAAAAAAAAAAAAAAAAAAAAAAAAAAAAAAAAAAAAAAAAAAAAAAAAAAAAAAAAAAAAAAAAAAAAAAAAAAAAAAAAAAAAAAAAAAAAAAAAAAAAAAAAAAAAAAAAAAAAAAAAAAAAAAAAAAAAAAAAAAAAAAAAAAAAAAAAAAAAAAAAAAAAAAAAAAAAAAAAAAAAAAAAAAAAAAAAAAAAAAAAAAAAAAAAAAAAAAAAAAAAAAAAAAAAAAAAAAAAAAAAAAAAAAAAAAAAAAAAAAAAAAAAAAAAAAAAAAAAAAAAAAAAAAAAAAAAAAAAAAAAAAAAAAAAAAAAAAAAAAAAAAAAAAAAAAAAAAAAAAAAAAAAAAAAAAAAAAAAAAAAAAAAAAAAAAAAAAAAAAAAAAAAAAAAAAAAAAAAAAAAAAAAAAAAAAAAAAAAAAAAAAAAAAAAAAAAAAAAAAAAAAAAAAAAAAAAAAAAAAAAAAAAAAAAAAAAAAAAAAAAAAAAAAAAAAAAAAAAAAAAAAAAAAAAAAAAAAAAAAAAAAAAAAAAAAAAAAAAAAAAAAAAAAAAAAAAAAAAAAAAAAAAAAAAAAAAAAAAAAAAAAAAAAAAAAAAAAAAAAAAAAAAAAAAAAAAAAAAAAAAAAAAAAAAAAAAAAAAAAAAAAAAAAAAAAAAAAAAAAAAAAAAAAAAAAAAAAAAAAAAAAAAAAAAAAAAAAAAAAAAAAAAAAAAAAAAAAAAAAAAAAAAAAAAAAAAAAAAAAAAAAAAAAAAAAAAAAAAAAAAAAAAAAAAAAAAAAAAAAAAAAAAAAAAAAAAAAAAAAAAAAAAAAAAAAAAAAAAAAAAAAAAAAAAAAAAAAAAAAAAAAAAAAAAAAAAAAAAAAAAAAAAAAAAAAAAAAAAAAAAAAAAAAAAAAAAAAAAAAAAAAAAAAAAAAAAAAAAAAAAAAAAAAAAAAAAAAAAAAAAAAAAAAAAAAAAAAAAAAAAAAAAAAAAAAAAAAAAAAAAAAAAAAAAAAAAAAAAAAAAAAAAAAAAAAAAAAAAAAAAAAAAAAAAAAAAAAAAAAAAAAAAAAAAAAAAAAAAAAAAAAAAAAAAAAAAAAAAAAAAAAAAAAAAAAAAAAAAAAAAAAAAAAAAAAAAAAAAAAAAAAAAAAAAAAAAAAAAAAAAAAAAAAAAAAAAAAAAAAAAAAAAAAAAAAAAAAAAAAAAAAAAAAAAAAAAAAAAAAAAAAAAAAAAAAAAAAAAAAAAAAAAAAAAAAAAAAAAAAAAAAAAAAAAAAAAAAAAAAAAAAAAAAAAAAAAAAAAAAAAAAAAAAAAAAAAAAAAAAAAAAAAAAAAAAAAAAAAAAAAAAAAAAAAAAAAAAAAAAAAAAAAAAAAAAAAAAAAAAAAAAAAAAAAAAAAAAAAAAAAAAAAAAAAAAAAAAAAAAAAAAAAAAAAAAAAAAAAAAAAAAAAAAAAAAAAAAAAAAAAAAAAAAAAAAAAAAAAAAAAAAAAAAAAAAAAAAAAAAAAAAAAAAAAAAAAAAAAAAAAAAAAAAAAAAAAAAAAAAAAAAAAAAAAAAAAAAAAAAAAAAAAAAAAAAAAAAAAAAAAAAAAAAAAAAAAAAAAAAAAAAAAAAAAAAAAAAAAAAAAAAAAAAAAAAAAAAAAAAAAAAAAAAAAAAAAAAAAAAAAAAAAAAAAAAAAAAAAAAAAAAAAAAAAAAAAAAAAAAAAAAAAAAAAAAAAAAAAAAAAAAAAAAAAAAAAAAAAAAAAAAAAAAAAAAAAAAAAAAAAAAAAAAAAAAAAAAAAAAAAAAAAAAAAAAAAAAAAAAAAAAAAAAAAAAAAAAAAAAAAAAAAAAAAAAAAAAAAAAAAAAAAAAAAAAAAAAAAAAAAAAAAAAAAAAAAAAAAAAAAAAAAAAAAAAAAAAAAAAAAAAAAAAAAAAAAAAAAAAAAAAAAAAAAAAAAAAAAAAAAAAAAAAAAAAAAAAAAAAAAAAAAAAAAAAAAAAAAAAAAAAAAAAAAAAAAAAAAAAAAAAAAAAAAAAAAAAAAAAAAAAAAAAAAAAAAAAAAAAAAAAAAAAAAAAAAAAAAAAAAAAAAAAAAAAAAAAAAAAAAAAAAAAAAAAAAAAAAAAAAAAAAAAAAAAAAAAAAAAAAAAAAAAAAAAAAAAAAAAAAAAAAAAAAAAAAAAAAAAAAAAAAAAAAAAAAAAAAAAAAAAAAAAAAAAAAAAAAAAAAAAAAAAAAAAAAAAAAAAAAAAAAAAAAAAAAAAAAAAAAAAAAAAAAAAAAAAAAAAAAAAAAAAAAAAAAAAAAAAAAAAAAAAAAAAAAAAAAAAAAAAAAAAAAAAAAAAAAAAAAAAAAAAAAAAAAAAAAAAAAAAAAAAAAAAAAAAAAAAAAAAAAAAAAAAAAAAAAAAAAAAAAAAAAAAAAAAAAAAAAAAAAAAAAAAAAAAAAAAAAAAAAAAAAAAAAAAAAAAAAAAAAAAAAAAAAAAAAAAAAAAAAAAAAAAAAAAAAAAAAAAAAAAAAAAAAAAAAAAAAAAAAAAAAAAAAAAAAAAAAAAAAAAAAAAAAAAAAAAAAAAAAAAAAAAAAAAAAAAAAAAAAAAAAAAAAAAAAAAAAAAAAAAAAAAAAAAAAAAAAAAAAAAAAAAAAAAAAAAAAAAAAAAAAAAAAAAAAAAAAAAAAAAAAAAAAAAAAAAAAAAAAAAAAAAAAAAAAAAAAAAAAAAAAAAAAAAAAAAAAAAAAAAAAAAAAAAAAAAAAAAAAAAAAAAAAAAAAAAAAAAAAAAAAAAAAAAAAAAAAAAAAAAAAAAAAAAAAAAAAAAAAAAAAAAAAAAAAAAAAAAAAAAAAAAAAAAAAAAAAAAAAAAAAAAAAAAAAAAAAAAAAAAAAAAAAAAAAAAAAAAAAAAAAAAAAAAAAAAAAAAAAAAAAAAAAAAAAAAAAAAAAAAAAAAAAAAAAAAAAAAAAAAAAAAAAAAAAAAAAAAAAAAAAAAAAAAAAAAAAAAAAAAAAAAAAAAAAAAAAAAAAAAAAAAAAAAAAAAAAAAAAAAAAAAAAAAAAAAAAAAAAAAAAAAAAAAAAAAAAAAAAAAAAAAAAAAAAAAAAAAAAAAAAAAAAAAAAAAAAAAAAAAAAAAAAAAAAAAAAAAAAAAAAAAAAAAAAAAAAAAAAAAAAAAAAAAAAAAAAAAAAAAAAAAAAAAAAAAAAAAAAAAAAAAAAAAAAAAAAAAAAAAAAAAAAAAAAAAAAAAAAAAAAAAAAAAAAAAAAAAAAAAAAAAAAAAAAAAAAAAAAAAAAAAAAAAAAAAAAAAAAAAAAAAAAAAAAAAAAAAAAAAAAAAAAAAAAAAAAAAAAAAAAAAAAAAAAAAAAAAAAAAAAAAAAAAAAAAAAAAAAAAAAAAAAAAAAAAAAAAAAAAAAAAAAAAAAAAAAAAAAAAAAAAAAAAAAAAAAAAAAAAAAAAAAAAAAAAAAAAAAAAAAAAAAAAAAAAAAAAAAAAAAAAAAAAAAAAAAAAAAAAAAAAAAAAAAAAAAAAAAAAAAAAAAAAAAAAAAAAAAAAAAAAAAAAAAAAAAAAAAAAAAAAAAAAAAAAAAAAAAAAAAAAAAAAAAAAAAAAAAAAAAAAAAAAAAAAAAAAAAAAAAAAAAAAAAAAAAAAAAAAAAAAAAAAAAAAAAAAAAAAAAAAAAAAAAAAAAAAAAAAAAAAAAAAAAAAAAAAAAAAAAAAAAAAAAAAAAAAAAAAAAAAAAAAAAAAAAAAAAAAAAAAAAAAAAAAAAAAAAAAAAAAAAAAAAAAAAAAAAAAAAAAAAAAAAAAAAAAAAAAAAAAAAAAAAAAAAAAAAAAAAAAAAAAAAAAAAAAAAAAAAAAAAAAAAAAAAAAAAAAAAAAAAAAAAAAAAAAAAAAAAAAAAAAAAAAAAAAAAAAAAAAAAAAAAAAAAAAAAAAAAAAAAAAAAAAAAAAAAAAAAAAAAAAAAAAAAAAAAAAAAAAAAAAAAAAAAAAAAAAAAAAAAAAAAAAAAAAAAAAAAAAAAAAAAAAAAAAAAAAAAAAAAAAAAAAAAAAAAAAAAAAAAAAAAAAAAAAAAAAAAAAAAAAAAAAAAAAAAAAAAAAAAAAAAAAAAAAAAAAAAAAAAAAAAAAAAAAAAAAAAAAAAAAAAAAAAAAAAAAAAAAAAAAAAAAAAAAAAAAAAAAAAAAAAAAAAAAAAAAAAAAAAAAAAAAAAAAAAAAAAAAAAAAAAAAAAAAAAAAAAAAAAAAAAAAAAAAAAAAAAAAAAAAAAAAAAAAAAAAAAAAAAAAAAAAAAAAAAAAAAAAAAAAAAAAAAAAAAAAAAAAAAAAAAAAAAAAAAAAAAAAAAAAAAAAAAAAAAAAAAAAAAAAAAAAAAAAAAAAAAAAAAAAAAAAAAAAAAAAAAAAAAAAAAAAAAAAAAAAAAAAAAAAAAAAAAAAAAAAAAAAAAAAAAAAAAAAAAAAAAAAAAAAAAAAAAAAAAAAAAAAAAAAAAAAAAAAAAAAAAAAAAAAAAAAAAAAAAAAAAAAAAAAAAAAAAAAAAAAAAAAAAAAAAAAAAAAAAAAAAAAAAAAAAAAAAAAAAAAAAAAAAAAAAAAAAAAAAAAAAAAAAAAAAAAAAAAAAAAAAAAAAAAAAAAAAAAAAAAAAAAAAAAAAAAAAAAAAAAAAAAAAAAAAAAAAAAAAAAAAAAAAAAAAAAAAAAAAAAAAAAAAAAAAAAAAAAAAAAAAAAAAAAAAAAAAAAAAAAAAAAAAAAAAAAAAAAAAAAAAAAAAAAAAAAAAAAAAAAAAAAAAAAAAAAAAAAAAAAAAAAAAAAAAAAAAAAAAAAAAAAAAAAAAAAAAAAAAAAAAAAAAAAAAAAAAAAAAAAAAAAAAAAAAAAAAAAAAAAAAAAAAAAAAAAAAAAAAAAAAAAAAAAAAAAAAAAAAAAAAAAAAAAAAAAAAAAAAAAAAAAAAAAAAAAAAAAAAAAAAAAAAAAAAAAAAAAAAAAAAAAAAAAAAAAAAAAAAAAAAAAAAAAAAAAAAAAAAAAAAAAAAAAAAAAAAAAAAAAAAAAAAAAAAAAAAAAAAAAAAAAAAAAAAAAAAAAAAAAAAAAAAAAAAAAAAAAAAAAAAAAAAAAAAAAAAAAAAAAAAAAAAAAAAAAAAAAAAAAAAAAAAAAAAAAAAAAAAAAAAAAAAAAAAAAAAAAAAAAAAAAAAAAAAAAAAAAAAAAAAAAAAAAAAAAAAAAAAAAAAAAAAAAAAAAAAAAAAAAAAAAAAAAAAAAAAAAAAAAAAAAAAAAAAAAAAAAAAAAAAAAAAAAAAAAAAAAAAAAAAAAAAAAAAAAAAAAAAAAAAAAAAAAAAAAAAAAAAAAAAAAAAAAAAAAAAAAAAAAAAAAAAAAAAAAAAAAAAAAAAAAAAAAAAAAAAAAAAAAAAAAAAAAAAAAAAAAAAAAAAAAAAAAAAAAAAAAAAAAAAAAAAAAAAAAAAAAAAAAAAAAAAAAAAAAAAAAAAAAAAAAAAAAAAAAAAAAAAAAAAAAAAAAAAAAAAAAAAAAAAAAAAAAAAAAAAAAAAAAAAAAAAAAAAAAAAAAAAAAAAAAAAAAAAAAAAAAAAAAAAAAAAAAAAAAAAAAAAAAAAAAAAAAAAAAAAAAAAAAAAAAAAAAAAAAAAAAAAAAAAAAAAAAAAAAAAAAAAAAAAAAAAAAAAAAAAAAAAAAAAAAAAAAAAAAAAAAAAAAAAAAAAAAAAAAAAAAAAAAAAAAAAAAAAAAAAAAAAAAAAAAAAAAAAAAAAAAAAAAAAAAAAAAAAAAAAAAAAAAAAAAAAAAAAAAAAAAAAAAAAAAAAAAAAAAAAAAAAAAAAAAAAAAAAAAAAAAAAAAAAAAAAAAAAAAAAAAAAAAAAAAAAAAAAAAAAAAAAAAAAAAAAAAAAAAAAAAAAAAAAAAAAAAAAAAAAAAAAAAAAAAAAAAAAAAAAAAAAAAAAAAAAAAAAAAAAAAAAAAAAAAAAAAAAAAAAAAAAAAAAAAAAAAAAAAAAAAAAAAAAAAAAAAAAAAAAAAAAAAAAAAAAAAAAAAAAAAAAAAAAAAAAAAAAAAAAAAAAAAAAAAAAAAAAAAAAAAAAAAAAAAAAAAAAAAAAAAAAAAAAAAAAAAAAAAAAAAAAAAAAAAAAAAAAAAAAAAAAAAAAAAAAAAAAAAAAAAAAAAAAAAAAAAAAAAAAAAAAAAAAAAAAAAAAAAAAAAAAAAAAAAAAAAAAAAAAAAAAAAAAAAAAAAAAAAAAAAAAAAAAAAAAAAAAAAAAAAAAAAAAAAAAAAAAAAAAAAAAAAAAAAAAAAAAAAAAAAAAAAAAAAAAAAAAAAAAAAAAAAAAAAAAAAAAAAAAAAAAAAAAAAAAAAAAAAAAAAAAAAAAAAAAAAAAAAAAAAAAAAAAAAAAAAAAAAAAAAAAAAAAAAAAAAAAAAAAAAAAAAAAAAAAAAAAAAAAAAAAAAAAAAAAAAAAAAAAAAAAAAAAAAAAAAAAAAAAAAAAAAAAAAAAAAAAAAAAAAAAAAAAAAAAAAAAAAAAAAAAAAAAAAAAAAAAAAAAAAAAAAAAAAAAAAAAAAAAAAAAAAAAAAAAAAAAAAAAAAAAAAAAAAAAAAAAAAAAAAAAAAAAAAAAAAAAAAAAAAAAAAAAAAAAAAAAAAAAAAAAAAAAAAAAAAAAAAAAAAAAAAAAAAAAAAAAAAAAAAAAAAAAAAAAAAAAAAAAAAAAAAAAAAAAAAAAAAAAAAAAAAAAAAAAAAAAAAAAAAAAAAAAAAAAAAAAAAAAAAAAAAAAAAAAAAAAAAAAAAAAAAAAAAAAAAAAAAAAAAAAAAAAAAAAAAAAAAAAAAAAAAAAAAAAAAAAAAAAAAAAAAAAAAAAAAAAAAAAAAAAAAAAAAAAAAAAAAAAAAAAAAAAAAAAAAAAAAAAAAAAAAAAAAAAAAAAAAAAAAAAAAAAAAAAAAAAAAAAAAAAAAAAAAAAAAAAAAAAAAAAAAAAAAAAAAAAAAAAAAAAAAAAAAAAAAAAAAAAAAAAAAAAAAAAAAAAAAAAAAAAAAAAAAAAAAAAAAAAAAAAAAAAAAAAAAAAAAAAAAAAAAAAAAAAAAAAAAAAAAAAAAAAAAAAAAAAAAAAAAAAAAAAAAAAAAAAAAAAAAAAAAAAAAAAAAAAAAAAAAAAAAAAAAAAAAAAAAAAAAAAAAAAAAAAAAAAAAAAAAAAAAAAAAAAAAAAAAAAAAAAAAAAAAAAAAAAAAAAAAAAAAAAAAAAAAAAAAAAAAAAAAAAAAAAAAAAAAAAAAAAAAAAAAAAAAAAAAAAAAAAAAAAAAAAAAAAAAAAAAAAAAAAAAAAAAAAAAAAAAAAAAAAAAAAAAAAAAAAAAAAAAAAAAAAAAAAAAAAAAAAAAAAAAAAAAAAAAAAAAAAAAAAAAAAAAAAAAAAAAAAAAAAAAAAAAAAAAAAAAAAAAAAAAAAAAAAAAAAAAAAAAAAAAAAAAAAAAAAAAAAAAAAAAAAAAAAAAAAAAAAAAAAAAAAAAAAAAAAAAAAAAAAAAAAAAAAAAAAAAAAAAAAAAAAAAAAAAAAAAAAAAAAAAAAAAAAAAAAAAAAAAAAAAAAAAAAAAAAAAAAAAAAAAAAAAAAAAAAAAAAAAAAAAAAAAAAAAAAAAAAAAAAAAAAAAAAAAAAAAAAAAAAAAAAAAAAAAAAAAAAAAAAAAAAAAAAAAAAAAAAAAAAAAAAAAAAAAAAAAAAAAAAAAAAAAAAAAAAAAAAAAAAAAAAAAAAAAAAAAAAAAAAAAAAAAAAAAAAAAAAAAAAAAAAAAAAAAAAAAAAAAAAAAAAAAAAAAAAAAAAAAAAAAAAAAAAAAAAAAAAAAAAAAAAAAAAAAAAAAAAAAAAAAAAAAAAAAAAAAAAAAAAAAAAAAAAAAAAAAAAAAAAAAAAAAAAAAAAAAAAAAAAAAAAAAAAAAAAAAAAAAAAAAAAAAAAAAAAAAAAAAAAAAAAAAAAAAAAAAAAAAAAAAAAAAAAAAAAAAAAAAAAAAAAAAAAAAAAAAAAAAAAAAAAAAAAAAAAAAAAAAAAAAAAAAAAAAAAAAAAAAAAAAAAAAAAAAAAAAAAAAAAAAAAAAAAAAAAAAAAAAAAAAAAAAAAAAAAAAAAAAAAAAAAAAAAAAAAAAAAAAAAAAAAAAAAAAAAAAAAAAAAAAAAAAAAAAAAAAAAAAAAAAAAAAAAAAAAAAAAAAAAAAAAAAAAAAAAAAAAAAAAAAAAAAAAAAAAAAAAAAAAAAAAAAAAAAAAAAAAAAAAAAAAAAAAAAAAAAAAAAAAAAAAAAAAAAAAAAAAAAAAAAAAAAAAAAAAAAAAAAAAAAAAAAAAAAAAAAAAAAAAAAAAAAAAAAAAAAAAAAAAAAAAAAAAAAAAAAAAAAAAAAAAAAAAAAAAAAAAAAAAAAAAAAAAAAAAAAAAAAAAAAAAAAAAAAAAAAAAAAAAAAAAAAAAAAAAAAAAAAAAAAAAAAAAAAAAAAAAAAAAAAAAAAAAAAVUiJ5UiD7BDHRfwAAAAASIs9Kg8AAEiNNWMOAADo5gwAADHASIPEEF3DZg8fRAAAVUiJ5UiD7CBIiX34SIl18EiLRfhIiUXgSItF8EiJRehIi33w6HkMAABIi33gSIt16EiJwuiHDAAASIPEIF3DkFVIieVIgeyQAAAASIl9+EiJdfBIiVXoSIt1+EiNfdjoUAwAAOkAAAAASI192OjeAQAAiEW36QAAAACKRbeoAQ+FBQAAAOkvAQAASIt1+EiNfbjomQQAAEiLRfBIiUWoSIt9+EiLB0iLQOhIAcforgQAAIlFsOkAAAAAi0WwJbAAAACD+CAPhREAAABIi0XwSANF6EiJRaDpCAAAAEiLRfBIiUWgSItFoEiJRYBIi0XwSItN6EgByEiJRYhIi334SIsHSItA6EgBx0iJfZDobgQAAIhFn+kAAAAATItFkEiLTYhIi1WASIt1qIpFn0iLfbhED77I6DYBAABIiYV4////6QAAAABIi4V4////SIlFwEiNfcDolgQAAKgBD4UFAAAA6U0AAABIi334SIsHSItA6EgBx74FAAAA6OEEAADpAAAAAOkrAAAASInBidBIiU3QiUXM6TcAAABIicGJ0EiJTdCJRcxIjX3Y6AsLAADpGAAAAOkAAAAASI192Oj4CgAA6QAAAADpKwAAAOkAAAAASIt90OgKCwAASIt9+EiLB0iLQOhIAcfo3woAAOkAAAAA6PkKAABIi0X4SIHEkAAAAF3DSInBidBIiU3QiUXM6NsKAADpAAAAAOkAAAAASIt90OhcCgAASInH6GAEAABVSInlSIPsEEiJffhIi3346LEKAABIg8QQXcMPH0QAAFVIieVIiX34SItF+IoAJAEPtsBdw2YuDx+EAAAAAACQVUiJ5UiB7NAAAABEiMhIiX3wSIl16EiJVeBIiU3YTIlF0IhFz0iLRfBIiYVY////6PsDAABIiUXASI19wOgeBAAASInBSIuFWP///0g5yA+FDQAAAEiLRfBIiUX46TACAABIi0XYSItN6EgpyEiJRbhIi33Q6PYDAABIiUWwSItFsEg7RbgPjhQAAABIi024SItFsEgpyEiJRbDpCAAAAEjHRbAAAAAASItF4EiLTehIKchIiUWoSIN9qAAPjkMAAABIi33wSIt16EiLVajovQMAAEg7RagPhCMAAADoTgMAAEiJRaBIjX2g6HEDAABIiUXwSItF8EiJRfjpkgEAAOkAAAAASIN9sAAPjgoBAABIi3WwD75Vz0iNfYhIib1A////6JgDAABIi71A////SItF8EiJhUj////osQMAAEiLvUj///9IicZIi1Ww6D4DAABIiYVQ////6QAAAABIi4VQ////SDtFsA+EdgAAAOi8AgAASImFOP///+kAAAAASIuFOP///0iJhXD///9Ijb1w////6MYCAABIiYUw////6QAAAABIi4Uw////SIlF8EiLRfBIiUX4x4Vs////AQAAAOknAAAASInBidBIiU2AiYV8////SI19iOheCAAA6TAAAADHhWz///8AAAAASI19iOhGCAAAi4Vs////hcAPhAoAAADpAAAAAOmCAAAA6QUAAADphQAAAEiLRdhIi03gSCnISIlFqEiDfagAD45JAAAASIt98EiLdeBIi1Wo6EsCAABIO0WoD4QpAAAA6NwBAABIiYVg////SI29YP///+j5AQAASIlF8EiLRfBIiUX46RoAAADpAAAAAEiLfdAxwInG6JYCAABIi0XwSIlF+EiLRfhIgcTQAAAAXcNIi32A6GwHAABIicfocAEAAA8LZi4PH4QAAAAAAA8fQABVSInlSIPsEEiJffhIiXXwSIt9+EiLdfDoUwUAAEiDxBBdw2YuDx+EAAAAAAAPHwBVSInlSIl9+EiLRfiLQAhdw2YuDx+EAAAAAAAPH0QAAFVIieVIg+wQSIl9+EiLRfhIiUXw6AMHAACJx0iLRfCLsJAAAADo7AYAAKgBD4UFAAAA6R0AAABIi33wviAAAADoqwUAAIjBSItF8A++yYmIkAAAAEiLRfCLgJAAAAAPvsBIg8QQXcNmDx+EAAAAAABVSInlSIPsMEiJffhIi0X4SIsASIlF0OiUAAAASIlF2OkAAAAASItF2EiJRfBIjX3w6KoAAABIicFIi0XQSDnID5TAJAEPtsBIg8QwXcNIicGJ0EiJTeiJReRIi33o6JcGAABmLg8fhAAAAAAADx8AVUiJ5UiD7BBIiX34iXX0SIt9+It19OjlBQAASIPEEF3DZi4PH4QAAAAAAA8fRAAAUOhOBgAA6EMGAAAPH0QAAFVIieVIg+wQSI19+EjHxv/////oCAEAAEiLRfhIg8QQXcNmLg8fhAAAAAAADx9AAFVIieVIiX34McBdww8fQABVSInlSIl9+EiLRfhIi0AYXcNmLg8fhAAAAAAADx9AAFVIieVIg+wgSIl9+EiJdfBIiVXoSIt9+EiLdfBIi1XoSIsH/1BgSIPEIF3DDx9AAFVIieVIg+wgiNBIiX34SIl18IhF70iLffhIi3XwD75V7+i6AAAASIPEIF3DDx9AAFVIieVIg+wQSIl9+EiLffjo+wEAAEiJx+jjAQAASIPEEF3DZi4PH4QAAAAAAA8fAFVIieVIiX34SIl18EiLRfhIi0gYSIlN6EiLTfBIiUgYSItF6F3DZi4PH4QAAAAAAFVIieVIg+wQSIl9+EiJdfBIi334SIt18OgTAAAASIPEEF3DZi4PH4QAAAAAAA8fAFVIieVIiX34SIl18EiLRfhIxwAAAAAAXcMPH4AAAAAAVUiJ5UiD7DCI0EiJffhIiXXwiEXvSIt9+EiJfdhIjXXoSI1V4OgmAAAASIt92EiLdfAPvlXv6F0EAABIg8QwXcNmLg8fhAAAAAAADx9EAABVSInlSIPsIEiJffhIiXXwSIlV6EiLffhIi3XwSItV6OgLAAAASIPEIF3DDx9EAABVSInlSIPsQEiJffhIiXXwSIlV6EiLRfhIiUXISIlFwEiLffDoNwAAAEiLfcDoPgAAAEiLRchIiUXQSIt96OgdAAAASIt90Og0AAAASIPEQF3DZi4PH4QAAAAAAA8fQABVSInlSIl9+EiLRfhdw2aQVUiJ5UiJffBdw2YPH0QAAFVIieVIg+wQSIl98EiLffDoCwAAAEiDxBBdww8fRAAAVUiJ5UiD7BBIiX34SIt9+OgLAAAASIPEEF3DDx9EAABVSInlSIl9+F3DZg8fRAAAVUiJ5UiJffhIi0X4XcNmkFVIieVIg+wgSIl9+EiLffhIiX3w6DcAAACoAQ+FBQAAAOkSAAAASIt98OhRAAAASIlF6OkNAAAASIt98OhfAAAASIlF6EiLRehIg8QgXcOQVUiJ5UiD7BBIiX34SIt9+OhrAAAAD7YASIPgAUiD+AAPlcAkAQ+2wEiDxBBdw2aQVUiJ5UiD7BBIiX34SIt9+Og7AAAASItAEEiDxBBdw5BVSInlSIPsEEiJffhIi3346BsAAABIicdIg8cB6D8AAABIg8QQXcNmDx+EAAAAAABVSInlSIPsEEiJffhIi3346AsAAABIg8QQXcMPH0QAAFVIieVIiX34SItF+F3DZpBVSInlSIPsEEiJffhIi3346AsAAABIg8QQXcMPH0QAAFVIieVIiX34SItF+F3DZpBVSInlSIPsMEiJffhIiXXwSItF+EiJRdBIi33wSIsHSItA6EgBx+g1AAAASIlF2OkAAAAASItF0EiLTdhIiQhIg8QwXcNIicGJ0EiJTeiJReRIi33o6PABAABmDx9EAABVSInlSIPsEEiJffhIi3346AsAAABIg8QQXcMPH0QAAFVIieVIiX34SItF+EiLQChdw2YuDx+EAAAAAAAPH0AAVUiJ5Yl9/Il1+ItF/DtF+A+UwCQBD7bAXcNmDx9EAABVSInluP////9dww8fRAAAVUiJ5UiD7EBAiPBIiX34iEX3SIt1+EiNfehIiX3I6P0AAABIi33I6GQAAABIiUXQ6QAAAABIi33QD7519+h+AAAAiEXH6QAAAABIjX3o6AMBAACKRccPvsBIg8RAXcNIicGJ0EiJTeCJRdxIjX3o6OIAAADpAAAAAOkAAAAASIt94OiNAAAASInH6JH6//+QVUiJ5UiD7BBIiX34SIt9+EiLNQEDAADobgAAAEiDxBBdw2YuDx+EAAAAAAAPH0AAVUiJ5UiD7BBAiPBIiX34iEX3SIt9+IpN90iLBw++8f9QOA++wEiDxBBdww8fRAAAVUiJ5UiD7BBIiX34iXX0SIt9+It3IAt19OhUAAAASIPEEF3D/yWGQgAA/yWIQgAA/yWKQgAA/yWMQgAA/yWOQgAA/yWQQgAA/yWSQgAA/yWUQgAA/yWWQgAA/yWYQgAA/yWaQgAA/yWcQgAA/yWeQgAA/yWgQgAA/yWiQgAA/yWkQgAA/yWmQgAA/yWoQgAA/yWqQgAA/yWsQgAATI0drUIAAEFT/yUdAgAAkGgWAAAA6eb///9oQwAAAOnc////aGcAAADp0v///2i4AAAA6cj///9oAwEAAOm+////aEgBAADptP///2iKAQAA6ar///9opgEAAOmg////aOUBAADplv///2gHAgAA6Yz///9oHgIAAOmC////aDgCAADpeP///2hWAgAA6W7///9oAAAAAOlk////aG4CAADpWv///wAA/5s9ATIbCckCASmWAtoCAeYCCegDAfkCCckCAYIDJgAAqAMFxAMArQMjAADQAwXoAwHVAxsAAAEAAAAAAAAAAP+bIQEXAM0CAADNAk3IAwDXAwmoBQHgA9IBAAABAAAAAAAAAP+bDQEIFwVOARxHAAB/AAAAAAAA/5sNAQgmBUUBKy8AAH8AAAAAAAD/mx0BFQAnAAAnG18AQikAAGsJhwEBdBsAAAEAAAAAAFdlbGNvbWUgdG8gRkVDT0oAAAAAAQAAABwAAAACAAAAJAAAAAEAAAAoAAAAAgAAAAAAAAEAAABREEAAAMAwAABoAAAAQAAAAHU9AAAAAAAAaAAAADAxAACUPgAAYDMAANQ+AADgNgAA+D4AAJA7AAAMPwAAYDwAACA/AAADAAAADAANAEAAAQAAAAAAcAAAAWACAACgAgABYAUAACAGAAGQBgAAwAYAAtAGAADQCgABMAsAAKALAAEwDAAAAAAAAAAAAAAAAAAAAAAAAAAAAAAAAAAAAAAAAAAAAAAAAAAAAAAAAAAAAAAAAAAAAAAAAAAAAAAAAAAAAAAAAAAAAAAAAAAAAAAAAAAAAAAAAAAAAAAAAAAAAAAAAAAAAAAAAAAAAAAAAAAAAAAAAAAAAAAAAAAAAAAAAAAAAAAAAAAAAAAAAAAAAAAAAAAAAAAAAAAAAAAAAAAAAAAAAAAAAAAAAAAAAAAAAAAAAAAAAAAAAAAAAAAAAAAAAAAAAAAAAAAAAAAAAAAAAAAAAAAAAAAAAAAAAAAAAAAAAAAAAAAAAAAAAAAAAAAAAAAAAAAAAAAAAAAAAAAAAAAAAAAAAAAAAAAAAAAAAAAAAAAAAAAAAAAAAAAAAAAAAAAAAAAAAAAAAAAAAAAAAAAAAAAAAAAAAAAAAAAAAAAAAAAAAAAAAAAAAAAAAAAAAAAAAAAAAAAAAAAAAAAAAAAAAAAAAAAAAAAAAAAAAAAAAAAAAAAAAAAAAAAAAAAAAAAAAAAAAAAAAAAAAAAAAAAAAAAAAAAAAAAAAAAAAAAAAAAAAAAAAAAAAAAAAAAAAAAAAAAAAAAAAAAAAAAAAAAAAAAAAAAAAAAAAAAAAAAAAAAAAAAAAAAAAAAAAAAAAAAAAAAAAAAAAAAAAAAAAAAAAAAAAAAAAAAAAAAAAAAAAAAAAAAAAAAAAAAAAAAAAAAAAAAAAAAAAAAAAAAAAAAAAAAAAAAAAAAAAAAAAAAAAAAAAAAAAAAAAAAAAAAAAAAAAAAAAAAAAAAAAAAAAAAAAAAAAAAAAAAAAAAAAAAAAAAAAAAAAAAAAAAAAAAAAAAAAAAAAAAAAAAAAAAAAAAAAAAAAAAAAAAAAAAAAAAAAAAAAAAAAAAAAAAAAAAAAAAAAAAAAAAAAAAAAAAAAAAAAAAAAAAAAAAAAAAAAAAAAAAAAAAAAAAAAAAAAAAAAAAAAAAAAAAAAAAAAAAAAAAAAAAAAAAAAAAAAAAAAAAAAAAAAAAAAAAAAAAAAAAAAAAAAAAAAAAAAAAAAAAAAAAAAAAAAAAAAAAAAAAAAAAAAAAAAAAAAAAAAAAAAAAAAAAAAAAAAAAAAAAAAAAAAAAAAAAAAAAAAAAAAAAAAAAAAAAAAAAAAAAAAAAAAAAAAAAAAAAAAAAAAAAAAAAAAAAAAAAAAAAAAAAAAAAAAAAAAAAAAAAAAAAAAAAAAAAAAAAAAAAAAAAAAAAAAAAAAAAAAAAAAAAAAAAAAAAAAAAAAAAAAAAAAAAAAAAAAAAAAAAAAAAAAAAAAAAAAAAAAAAAAAAAAAAAAAAAAAAAAAAAAAAAAAAAAAAAAAAAAAAAAAAAAAAAAAAAAAAAAAAAAAAAAAAAAAAAAAAAAAAAAAAAAAAAAAAAAAAAAAAAAAAAAAAAAAAAAAAAAAAAAAAAAAAAAAAAAAAAAAAAAAAAAAAAAAAAAAAAAAAAAAAAAAAAAAAAAAAAAAAAAAAAAAAAAAAAAAAAAAAAAAAAAAAAAAAAAAAAAAAAAAAAAAAAAAAAAAAAAAAAAAAAAAAAAAAAAAAAAAAAAAAAAAAAAAAAAAAAAAAAAAAAAAAAAAAAAAAAAAAAAAAAAAAAAAAAAAAAAAAAAAAAAAAAAAAAAAAAAAAAAAAAAAAAAAAAAAAAAAAAAAAAAAAAAAAAAAAAAAAAAAAAAAAAAAAAAAAAAAAAAAAAAAAAAAAAAAAAAAAAAAAAAAAAAAAAAAAAAAAAAAAAAAAAAAAAAAAAAAAAAAAAAAAAAAAAAAAAAAAAAAAAAAAAAAAAAAAAAAAAAAAAAAAAAAAAAAAAAAAAAAAAAAAAAAAAAAAAAAAAAAAAAAAAAAAAAAAAAAAAAAAAAAAAAAAAAAAAAAAAAAAAAAAAAAAAAAAAAAAAAAAAAAAAAAAAAAAAAAAAAAAAAAAAAAAAAAAAAAAAAAAAAAAAAAAAAAAAAAAAAAAAAAAAAAAAAAAAAAAAAAAAAAAAAAAAAAAAAAAAAAAAAAAAAAAAAAAAAAAAAAAAAAAAAAAAAAAAAAAAAAAAAAAAAAAAAAAAAAAAAAAAAAAAAAAAAAAAAAAAAAAAAAAAAAAAAAAAAAAAAAAAAAAAAAAAAAAAAAAAAAAAAAAAAAAAAAAAAAAAAAAAAAAAAAAAAAAAAAAAAAAAAAAAAAAAAAAAAAAAAAAAAAAAAAAAAAAAAAAAAAAAAAAAAAAAAAAAAAAAAAAAAAAAAAAAAAAAAAAAAAAAAAAAAAAAAAAAAAAAAAAAAAAAAAAAAAAAAAAAAAAAAAAAAAAAAAAAAAAAAAAAAAAAAAAAAAAAAAAAAAAAAAAAAAAAAAAAAAAAAAAAAAAAAAAAAAAAAAAAAAAAAAAAAAAAAAAAAAAAAAAAAAAAAAAAAAAAAAAAAAAAAAAAAAAAAAAAAAAAAAAAAAAAAAAAAAAAAAAAAAAAAAAAAAAAAAAAAAAAAAAAAAAAAAAAAAAAAAAAAAAAAAAAAAAAAAAAAAAAAAAAAAAAAAAAAAAAAAAAAAAAAAAAAAAAAAAAAAAAAAAAAAAAAAAAAAAAAAAAAAAAAAAAAAAAAAAAAAAAAAAAAAAAAAAAAAAAAAAAAAAAAAAAAAAAAAAAAAAAAAAAAAAAAAAAAAAAAAAAAAAAAAAAAAAAAAAAAAAAAAAAAAAAAAAAAAAAAAAAAAAAAAAAAAAAAAAAAAAAAAAAAAAAAAAAAAAAAAAAAAAAAAAAAAAAAAAAAAAAAAAAAAAAAAAAAAAAAAAAAAAAAAAAAAAAAAAAAAAAAAAAAAAAAAAAAAAAAAAAAAAAAAAAAAAAAAAAAAAAAAAAAAAAAAAAAAAAAAAAAAAAAAAAAAAAAAAAAAAAAAAAAAAAAAAAAAAAAAAAAAAAAAAAAAAAAAAAAAAAAAAAAAAAAAAAAAAAAAAAAAAAAAAAAAAAAAAAAAAAAAAAAAAAAAAAAAAAAAAAAAAAAAAAAAAAAAAAAAAAAAAAAAAAAAAAAAAAAAAAAAAAAAAAAAAAAAAAAAAAAAAAAAAAAAAAAAAAAAAAAAAAAAAAAAAAAAAAAAAAAAAAAAAAAAAAAAAAAAAAAAAAAAAAAAAAAAAAAAAAAAAAAAAAAAAAAAAAAAAAAAAAAAAAAAAAAAAAAAAAAAAAAAAAAAAAAAAAAAAAAAAAAAAAAAAAAAAAAAAAAAAAAAAAAAAAAAAAAAAAAAAAAAAAAAAAAAAAAAAAAAAAAAAAAAAAAAAAAAAAAAAAAAAAAAAAAAAAAAAAAAAAAAAAAAAAAAAAAAAAAAAAAAAAAAAAAAAAAAAAAAAAAAAAAAAAAAAAAAAAAAAAAAAAAAAAAAAAAAAAAAAAAAAAAAAAAAAAAAAAAAAAAAAAAAAAAAAAAAAAAAAAAAAAAAAAAAAAAAAAAAAAAAAAAAAAAAAAAAAAAAAAAAAAAAAAAAAAAAAAAAAAAAAAAAAAAAAAAAAAAAAAAAAAAAAAAAAAAAAAAAAAAAAAAAAAAAAAAAAAAAAAAAAAAAAAAAAAAAAAAAAAAAAAAAAAAAAAAAAAAAAAAAAAAAAAAAAAAAAAAAAAAAAAAAAAAAAAAAAAAAAAAAAAAAAAAAAAAAAAAAAAAAAAAAAAAAAAAAAAAAAAAAAAAAAAAAAAAAAAAAAAAAAAAAAAAAAAAAAAAAAAAAAAAAAAAAAAAAAAAAAAAAAAAAAAAAAAAAAAAAAAAAAAAAAAAAAAAAAAAAAAAAAAAAAAAAAAAAAAAAAAAAAAAAAAAAAAAAAAAAAAAAAAAAAAAAAAAAAAAAAAAAAAAAAAAAAAAAAAAAAAAAAAAAAAAAAAAAAAAAAAAAAAAAAAAAAAAAAAAAAAAAAAAAAAAAAAAAAAAAAAAAAAAAAAAAAAAAAAAAAAAAAAAAAAAAAAAAAAAAAAAAAAAAAAAAAAAAAAAAAAAAAAAAAAAAAAAAAAAAAAAAAAAAAAAAAAAAAAAAAAAAAAAAAAAAAAAAAAAAAAAAAAAAAAAAAAAAAAAAAAAAAAAAAAAAAAAAAAAAAAAAAAAAAAAAAAAAAAAAAAAAAAAAAAAAAAAAAAAAAAAAAAAAAAAAAAAAAAAAAAAAAAAAAAAAAAAAAAAAAAAAAAAAAAAAAAAAAAAAAAAAAAAAAAAAAAAAAAAAAAAAAAAAAAAAAAAAAAAAAAAAAAAAAAAAAAAAAAAAAAAAAAAAAAAAAAAAAAAAAAAAAAAAAAAAAAAAAAAAAAAAAAAAAAAAAAAAAAAAAAAAAAAAAAAAAAAAAAAAAAAAAAAAAAAAAAAAAAAAAAAAAAAAAAAAAAAAAAAAAAAAAAAAAAAAAAAAAAAAAAAAAAAAAAAAAAAAAAAAAAAAAAAAAAAAAAAAAAAAAAAAAAAAAAAAAAAAAAAAAAAAAAAAAAAAAAAAAAAAAAAAAAAAAAAAAAAAAAAAAAAAAAAAAAAAAAAAAAAAAAAAAAAAAAAAAAAAAAAAAAAAAAAAAAAAAAAAAAAAAAAAAAAAAAAAAAAAAAAAAAAAAAAAAAAAAAAAAAAAAAAAAAAAAAAAAAAAAAAAAAAAAAAAAAAAAAAAAAAAAAAAAAAAAAAAAAAAAAAAAAAAAAAAAAAAAAAAAAAAAAAAAAAAAAAAAAAAAAAAAAAAAAAAAAAAAAAAAAAAAAAAAAAAAAAAAAAAAAAAAAAAAAAAAAAAAAAAAAAAAAAAAAAAAAAAAAAAAAAAAAAAAAAAAAAAAAAAAAAAAAAAAAAAAAAAAAAAAAAAAAAAAAAAAAAAAAAAAAAAAAAAAAAAAAAAAAAAAAAAAAAAAAAAAAAAAAAAAAAAAAAAAAAAAAAAAAAAAAAAAAAAAAAAAAAAAAAAAAAAAAAAAAAAAAAAAAAAAAAAAAAAAAAAAAAAAAAAAAAAAAAAAAAAAAAAAAAAAAAAAAAAAAAAAAAAAAAAAAAAAAAAAAAAAAAAAAAAAAAAAAAAAAAAAAAAAAAAAAAAAAAAAAAAAAAAAAAAAAAAAAAAAAAAAAAAAAAAAAAAAAAAAAAAAAAAAAAAAAAAAAAAAAAAAAAAAAAAAAAAAAAAAAAAAAAAAAAAAAAAAAAAAAAAAAAAAAAAAAAAAAAAAAAAAAAAAAAAAAAAAAAAAAAAAAAAAAAAAAAAAAAAAAAAAAAAAAAAAAAAAAAAAAAAAAAAAAAAAAAAAAAAAAAAAAAAAAAAAAAAAAAAAAAAAAAAAAAAAAAAAAAAAAAAAAAAAAAAAAAAAAAAAAAAAAAAAAAAAAAAAAAAAAAAAAAAAAAAAAAAAAAAAAAAAAAAAAAAAAAAAAAAAAAAAAAAAAAAAAAAAAAAAAAAAAAAAAAAAAAAAAAAAAAAAAAAAAAAAAAAAAAAAAAAAAAAAAAAAAAAAAAAAAAAAAAAAAAAAAAAAAAAAAAAAAAAAAAAAAAAAAAAAAAAAAAAAAAAAAAAAAAAAAAAAAAAAAAAAAAAAAAAAAAAAAAAAAAAAAAAAAAAAAAAAAAAAAAAAAAAAAAAAAAAAAAAAAAAAAAAAAAAAAAAAAAAAAAAAAAAAAAAAAAAAAAAAAAAAAAAAAAAAAAAAAAAAAAAAAAAAAAAAAAAAAAAAAAAAAAAAAAAAAAAAAAAAAAAAAAAAAAAAAAAAAAAAAAAAAAAAAAAAAAAAAAAAAAAAAAAAAAAAAAAAAAAAAAAAAAAAAAAAAAAAAAAAAAAAAAAAAAAAAAAAAAAAAAAAAAAAAAAAAAAAAAAAAAAAAAAAAAAAAAAAAAAAAAAAAAAAAAAAAAAAAAAAAAAAAAAAAAAAAAAAAAAAAAAAAAAAAAAAAAAAAAAAAAAAAAAAAAAAAAAAAAAAAAAAAAAAAAAAAAAAAAAAAAAAAAAAAAAAAAAAAAAAAAAAAAAAAAAAAAAAAAAAAAAAAAAAAAAAAAAAAAAAAAAAAAAAAAAAAAAAAAAAAAAAAAAAAAAAAAAAAAAAAAAAAAAAAAAAAAAAAAAAAAAAAAAAAAAAAAAAAAAAAAAAAAAAAAAAAAAAAAAAAAAAAAAAAAAAAAAAAAAAAAAAAAAAAAAAAAAAAAAAAAAAAAAAAAAAAAAAAAAAAAAAAAAAAAAAAAAAAAAAAAAAAAAAAAAAAAAAAAAAAAAAAAAAAAAAAAAAAAAAAAAAAAAAAAAAAAAAAAAAAAAAAAAAAAAAAAAAAAAAAAAAAAAAAAAAAAAAAAAAAAAAAAAAAAAAAAAAAAAAAAAAAAAAAAAAAAAAAAAAAAAAAAAAAAAAAAAAAAAAAAAAAAAAAAAAAAAAAAAAAAAAAAAAAAAAAAAAAAAAAAAAAAAAAAAAAAAAAAAAAAAAAAAAAAAAAAAAAAAAAAAAAAAAAAAAAAAAAAAAAAAAAAAAAAAAAAAAAAAAAAAAAAAAAAAAAAAAAAAAAAAAAAAAAAAAAAAAAAAAAAAAAAAAAAAAAAAAAAAAAAAAAAAAAAAAAAAAAAAAAAAAAAAAAAAAAAAAAAAAAAAAAAAAAAAAAAAAAAAAAAAAAAAAAAAAAAAAAAAAAAAAAAAAAAAAAAAAAAAAAAAAAAAAAAAAAAAAAAAAAAAAAAAAAAAAAAAAAAAAAAAAAAAAAAAAAAAAAAAAAAAAAAAAAAAAAAAAAAAAAAAAAAAAAAAAAAAAAAAAAAAAAAAAAAAAAAAAAAAAAAAAAAAAAAAAAAAAAAAAAAAAAAAAAAAAAAAAAAAAAAAAAAAAAAAAAAAAAAAAAAAAAAAAAAAAAAAAAAAAAAAAAAAAAAAAAAAAAAAAAAAAAAAAAAAAAAAAAAAAAAAAAAAAAAAAAAAAAAAAAAAAAAAAAAAAAAAAAAAAAAAAAAAAAAAAAAAAAAAAAAAAAAAAAAAAAAAAAAAAAAAAAAAAAAAAAAAAAAAAAAAAAAAAAAAAAAAAAAAAAAAAAAAAAAAAAAAAAAAAAAAAAAAAAAAAAAAAAAAAAAAAAAAAAAAAAAAAAAAAAAAAAAAAAAAAAAAAAAAAAAAAAAAAAAAAAAAAAAAAAAAAAAAAAAAAAAAAAAAAAAAAAAAAAAAAAAAAAAAAAAAAAAAAAAAAAAAAAAAAAAAAAAAAAAAAAAAAAAAAAAAAAAAAAAAAAAAAAAAAAAAAAAAAAAAAAAAAAAAAAAAAAAAAAAAAAAAAAAAAAAAAAAAAAAAAAAAAAAAAAAAAAAAAAAAAAAAAAAAAAAAAAAAAAAAAAAAAAAAAAAAAAAAAAAAAAAAAAAAAAAAAAAAAAAAAAAAAAAAAAAAAAAAAAAAAAAAAAAAAAAAAAAAAAAAAAAAAAAAAAAAAAAAAAAAAAAAAAAAAAAAAAAAAAAAAAAAAAAAAAAAAAAAAAAAAAAAAAAAAAAAAAAAAAAAAAAAAAAAAAAAAAAAAAAAAAAAAAAAAAAAAAAAAAAAAAAAAAAAAAAAAAAAAAAAAAAAAAAAAAAAAAAAAAAAAAAAAAAAAAAAAAAAAAAAAAAAAAAAAAAAAAAAAAAAAAAAAAAAAAAAAAAAAAAAAAAAAAAAAAAAAAAAAAAAAAAAAAAAAAAAAAAAAAAAAAAAAAAAAAAAAAAAAAAAAAAAAAAAAAAAAAAAAAAAAAAAAAAAAAAAAAAAAAAAAAAAAAAAAAAAAAAAAAAAAAAAAAAAAAAAAAAAAAAAAAAAAAAAAAAAAAAAAAAAAAAAAAAAAAAAAAAAAAAAAAAAAAAAAAAAAAAAAAAAAAAAAAAAAAAAAAAAAAAAAAAAAAAAAAAAAAAAAAAAAAAAAAAAAAAAAAAAAAAAAAAAAAAAAAAAAAAAAAAAAAAAAAAAAAAAAAAAAAAAAAAAAAAAAAAAAAAAAAAAAAAAAAAAAAAAAAAAAAAAAAAAAAAAAAAAAAAAAAAAAAAAAAAAAAAAAAAAAAAAAAAAAAAAAAAAAAAAAAAAAAAAAAAAAAAAAAAAAAAAAAAAAAAAAAAAAAAAAAAAAAAAAAAAAAAAAAAAAAAAAAAAAAAAAAAAAAAAAAAAAAAAAAAAAAAAAAAAAAAAAAAAAAAAAAAAAAAAAAAAAAAAAAAAAAAAAAAAAAAAAAAAAAAAAAAAAAAAAAAAAAAAAAAAAAAAAAAAAAAAAAAAAAAAAAAAAAAAAAAAAAAAAAAAAAAAAAAAAAAAAAAAAAAAAAAAAAAAAAAAAAAAAAAAAAAAAAAAAAAAAAAAAAAAAAAAAAAAAAAAAAAAAAAAAAAAAAAAAAAAAAAAAAAAAAAAAAAAAAAAAAAAAAAAAAAAAAAAAAAAAAAAAAAAAAAAAAAAAAAAAAAAAAAAAAAAAAAAAAAAAAAAAAAAAAAAAAAAAAAAAAAAAAAAAAAAAAAAAAAAAAAAAAAAAAAAAAAAAAAAAAAAAAAAAAAAAAAAAAAAAAAAAAAAAAAAAAAAAAAAAAAAAAAAAAAAAAAAAAAAAAAAAAAAAAAAAAAAAAAAAAAAAAAAAAAAAAAAAAAAAAAAAAAAAAAAAAAAAAAAAAAAAAAAAAAAAAAAAAAAAAAAAAAAAAAAAAAAAAAAAAAAAAAAAAAAAAAAAAAAAAAAAAAAAAAAAAAAAAAAAAAAAAAAAAAAAAAAAAAAAAAAAAAAAAAAAAAAAAAAAAAAAAAAAAAAAAAAAAAAAAAAAAAAAAAAAAAAAAAAAAAAAAAAAAAAAAAAAAAAAAAAAAAAAAAAAAAAAAAAAAAAAAAAAAAAAAAAAAAAAAAAAAAAAAAAAAAAAAAAAAAAAAAAAAAAAAAAAAAAAAAAAAAAAAAAAAAAAAAAAAAAAAAAAAAAAAAAAAAAAAAAAAAAAAAAAAAAAAAAAAAAAAAAAAAAAAAAAAAAAAAAAAAAAAAAAAAAAAAAAAAAAAAAAAAAAAAAAAAAAAAAAAAAAAAAAAAAAAAAAAAAAAAAAAAAAAAAAAAAAAAAAAAAAAAAAAAAAAAAAAAAAAAAAAAAAAAAAAAAAAAAAAAAAAAAAAAAAAAAAAAAAAAAAAAAAAAAAAAAAAAAAAAAAAAAAAAAAAAAAAAAAAAAAAAAAAAAAAAAAAAAAAAAAAAAAAAAAAAAAAAAAAAAAAAAAAAAAAAAAAAAAAAAAAAAAAAAAAAAAAAAAAAAAAAAAAAAAAAAAAAAAAAAAAAAAAAAAAAAAAAAAAAAAAAAAAAAAAAAAAAAAAAAAAAAAAAAAAAAAAAAAAAAAAAAAAAAAAAAAAAAAAAAAAAAAAAAAAAAAAAAAAAAAAAAAAAAAAAAAAAAAAAAAAAAAAAAAAAAAAAAAAAAAAAAAAAAAAAAAAAAAAAAAAAAAAAAAAAAAAAAAAAAAAAAAAAAAAAAAAAAAAAAAAAAAAAAAAAAAAAAAAAAAAAAAAAAAAAAAAAAAAAAAAAAAAAAAAAAAAAAAAAAAAAAAAAAAAAAAAAAAAAAAAAAAAAAAAAAAAAAAAAAAAAAAAAAAAAAAAAAAAAAAAAAAAAAAAAAAAAAAAAAAAAAAAAAAAAAAAAAAAAAAAAAAAAAAAAAAAAAAAAAAAAAAAAAAAAAAAAAAAAAAAAAAAAAAAAAAAAAAAAAAAAAAAAAAAAAAAAAAAAAAAAAAAAAAAAAAAAAAAAAAAAAAAAAAAAAAAAAAAAAAAAAAAAAAAAAAAAAAAAAAAAAAAAAAAAAAAAAAAAAAAAAAAAAAAAAAAAAAAAAAAAAAAAAAAAAAAAAAAAAAAAAAAAAAAAAAAAAAAAAAAAAAAAAAAAAAAAAAAAAAAAAAAAAAAAAAAAAAAAAAAAAAAAAAAAAAAAAAAAAAAAAAAAAAAAAAAAAAAAAAAAAAAAAAAAAAAAAAAAAAAAAAAAAAAAAAAAAAAAAAAAAAAAAAAAAAAAAAAAAAAAAAAAAAAAAAAAAAAAAAAAAAAAAAAAAAAAAAAAAAAAAAAAAAAAAAAAAAAAAAAAAAAAAAAAAAAAAAAAAAAAAAAAAAAAAAAAAAAAAAAAAAAAAAAAAAAAAAAAAAAAAAAAAAAAAAAAAAAAAAAAAAAAAAAAAAAAAAAAAAAAAAAAAAAAAAAAAAAAAAAAAAAAAAAAAAAAAAAAAAAAAAAAAAAAAAAAAAAAAAAAAAAAAAAAAAAAAAAAAAAAAAAAAAAAAAAAAAAAAAAAAAAAAAAAAAAAAAAAAAAAAAAAAAAAAAAAAAAAAAAAAAAAAAAAAAAAAAAAAAAAAAAAAAAAAAAAAAAAAAAAAAAAAAAAAAAAAAAAAAAAAAAAAAAAAAAAAAAAAAAAAAAAAAAAAAAAAAAAAAAAAAAAAAAAAAAAAAAAAAAAAAAAAAAAAAAAAAAAAAAAAAAAAAAAAAAAAAAAAAAAAAAAAAAAAAAAAAAAAAAAAAAAAAAAAAAAAAAAAAAAAAAAAAAAAAAAAAAAAAAAAAAAAAAAAAAAAAAAAAAAAAAAAAAAAAAAAAAAAAAAAAAAAAAAAAAAAAAAAAAAAAAAAAAAAAAAAAAAAAAAAAAAAAAAAAAAAAAAAAAAAAAAAAAAAAAAAAAAAAAAAAAAAAAAAAAAAAAAAAAAAAAAAAAAAAAAAAAAAAAAAAAAAAAAAAAAAAAAAAAAAAAAAAAAAAAAAAAAAAAAAAAAAAAAAAAAAAAAAAAAAAAAAAAAAAAAAAAAAAAAAAAAAAAAAAAAAAAAAAAAAAAAAAAAAAAAAAAAAAAAAAAAAAAAAAAAAAAAAAAAAAAAAAAAAAAAAAAAAAAAAAAAAAAAAAAAAAAAAAAAAAAAAAAAAAAAAAAAAAAAAAAAAAAAAAAAAAAAAAAAAAAAAAAAAAAAAAAAAAAAAAAAAAAAAAAAAAAAAAAAAAAAAAAAAAAAAAAAAAAAAAAAAAAAAAAAAAAAAAAAAAAAAAAAAAAAAAAAAAAAAAAAAAAAAAAAAAAAAAAAAAAAAAAAAAAAAAAAAAAAAAAAAAAAAAAAAAAAAAAAAAAAAAAAAAAAAAAAAAAAAAAAAAAAAAAAAAAAAAAAAAAAAAAAAAAAAAAAAAAAAAAAAAAAAAAAAAAAAAAAAAAAAAAAAAAAAAAAAAAAAAAAAAAAAAAAAAAAAAAAAAAAAAAAAAAAAAAAAAAAAAAAAAAAAAAAAAAAAAAAAAAAAAAAAAAAAAAAAAAAAAAAAAAAAAAAAAAAAAAAAAAAAAAAAAAAAAAAAAAAAAAAAAAAAAAAAAAAAAAAAAAAAAAAAAAAAAAAAAAAAAAAAAAAAAAAAAAAAAAAAAAAAAAAAAAAAAAAAAAAAAAAAAAAAAAAAAAAAAAAAAAAAAAAAAAAAAAAAAAAAAAAAAAAAAAAAAAAAAAAAAAAAAAAAAAAAAAAAAAAAAAAAAAAAAAAAAAAAAAAAAAAAAAAAAAAAAAAAAAAAAAAAAAAAAAAAAAAAAAAAAAAAAAAAAAAAAAAAAAAAAAAAAAAAAAAAAAAAAAAAAAAAAAAAAAAAAAAAAAAAAAAAAAAAAAAAAAAAAAAAAAAAAAAAAAAAAAAAAAAAAAAAAAAAAAAAAAAAAAAAAAAAAAAAAAAAAAAAAAAAAAAAAAAAAAAAAAAAAAAAAAAAAAAAAAAAAAAAAAAAAAAAAAAAAAAAAAAAAAAAAAAAAAAAAAAAAAAAAAAAAAAAAAAAAAAAAAAAAAAAAAAAAAAAAAAAAAAAAAAAAAAAAAAAAAAAAAAAAAAAAAAAAAAAAAAAAAAAAAAAAAAAAAAAAAAAAAAAAAAAAAAAAAAAAAAAAAAAAAAAAAAAAAAAAAAAAAAAAAAAAAAAAAAAAAAAAAAAAAAAAAAAAAAAAAAAAAAAAAAAAAAAAAAAAAAAAAAAAAAAAAAAAAAAAAAAAAAAAAAAAAAAAAAAAAAAAAAAAAAAAAAAAAAAAAAAAAAAAAAAAAAAAAAAAAAAAAAAAAAAAAAAAAAAAAAAAAAAAAAAAAAAAAAAAAAAAAAAAAAAAAAAAAAAAAAAAAAAAAAAAAAAAAAAAAAAAAAAAAAAAAAAAAAAAAAAAAAAAAAAAAAAAAAAAAAAAAAAAAAAAAAAAAAAAAAAAAAAAAAAAAAAAAAAAAAAAAAAAAAAAAAAAAAAAAAAAAAAAAAAAAAAAAAAAAAAAAAAAAAAAAAAAAAAAAAAAAAAAAAAAAAAAAAAAAAAAAAAAAAAAAAAAAAAAAAAAAAAAAAAAAAAAAAAAAAAAAAAAAAAAAAAAAAAAAAAAAAAAAAAAAAAAAAAAAAAAAAAAAAAAAAAAAAAAAAAAAAAAAAAAAAAAAAAAAAAAAAAAAAAAAAAAAAAAAAAAAAAAAAAAAAAAAAAAAAAAAAAAAAAAAAAAAAAAAAAAAAAAAAAAAAAAAAAAAAAAAAAAAAAAAAAAAAAAAAAAAAAAAAAAAAAAAAAAAAAAAAAAAAAAAAAAAAAAAAAAAAAAAAAAAAAAAAAAAAAAAAAAAAAAAAAAAAAAAAAAAAAAAAAAAAAAAAAAAAAAAAAAAAAAAAAAAAAAAAAAAAAAAAAAAAAAAAAAAAAAAAAAAAAAAAAAAAAAAAAAAAAAAAAAAAAAAAAAAAAAAAAAAAAAAAAAAAAAAAAAAAAAAAAAAAAAAAAAAAAAAAAAAAAAAAAAAAAAAAAAAAAAAAAAAAAAAAAAAAAAAAAAAAAAAAAAAAAAAAAAAAAAAAAAAAAAAAAAAAAAAAAAAAAAAAAAAAAAAAAAAAAAAAAAAAAAAAAAAAAAAAAAAAAAAAAAAAAAAAAAAAAAAAAAAAAAAAAAAAAAAAAAAAAAAAAAAAAAAAAAAAAAAAAAAAAAAAAAAAAAAAAAAAAAAAAAAAAAAAAAAAAAAAAAAAAAAAAAAAAAAAAAAAAAAAAAAAAAAAAAAAAAAAAAAAAAAAAAAAAAAAAAAAAAAAAAAAAAAAAAAAAAAAAAAAAAAAAAAAAAAAAAAAAAAAAAAAAAAAAAAAAAAAAAAAAAAAAAAAAAAAAAAAAAAAAAAAAAAAAAAAAAAAAAAAAAAAAAAAAAAAAAAAAAAAAAAAAAAAAAAAAAAAAAAAAAAAAAAAAAAAAAAAAAAAAAAAAAAAAAAAAAAAAAAAAAAAAAAAAAAAAAAAAAAAAAAAAAAAAAAAAAAAAAAAAAAAAAAAAAAAAAAAAAAAAAAAAAAAAAAAAAAAAAAAAAAAAAAAAAAAAAAAAAAAAAAAAAAAAAAAAAAAAAAAAAAAAAAAAAAAAAAAAAAAAAAAAAAAAAAAAAAAAAAAAAAAAAAAAAAAAAAAAAAAAAAAAAAAAAAAAAAAAAAAAAAAAAAAAAAAAAAAAAAAAAAAAAAAAAAAAAAAAAAAAAAAAAAAAAAAAAAAAAAAAAAAAAAAAAAAAAAAAAAAAAAAAAAAAAAAAAAAAAAAAAAAAAAAAAAAAAAAAAAAAAAAAAAAAAAAAAAAAAAAAAAAAAAAAAAAAAAAAAAAAAAAAAAAAAAAAAAAAAAAAAAAAAAAAAAAAAAAAAAAAAAAAAAAAAAAAAAAAAAAAAAAAAAAAAAAAAAAAAAAAAAAAAAAAAAAAAAAAAAAAAAAAAAAAAAAAAAAAAAAAAAAAAAAAAAAAAAAAAAAAAAAAAAAAAAAAAAAAAAAAAAAAAAAAAAAAAAAAAAAAAAAAAAAAAAAAAAAAAAAAAAAAAAAAAAAAAAAAAAAAAAAAAAAAAAAAAAAAAAAAAAAAAAAAAAAAAAAAAAAAAAAAAAAAAAAAAAAAAAAAAAAAAAAAAAAAAAAAAAAAAAAAAAAAAAAAAAAAAAAAAAAAAAAAAAAAAAAAAAAAAAAAAAAAAAAAAAAAAAAAAAAAAAAAAAAAAAAAAAAAAAAAAAAAAAAAAAAAAAAAAAAAAAAAAAAAAAAAAAAAAAAAAAAAAAAAAAAAAAAAAAAAAAAAAAAAAAAAAAAAAAAAAAAAAAAAAAAAAAAAAAAAAAAAAAAAAAAAAAAAAAAAAAAAAAAAAAAAAAAAAAAAAAAAAAAAAAAAAAAAAAAAAAAAAAAAAAAAAAAAAAAAAAAAAAAAAAAAAAAAAAAAAAAAAAAAAAAAAAAAAAAAAAAAAAAAAAAAAAAAAAAAAAAAAAAAAAAAAAAAAAAAAAAAAAAAAAAAAAAAAAAAAAAAAAAAAAAAAAAAAAAAAAAAAAAAAAAAAAAAAAAAAAAAAAAAAAAAAAAAAAAAAAAAAAAAAAAAAAAAAAAAAAAAAAAAAAAAAAAAAAAAAAAAAAAAAAAAAAAAAAAAAAAAAAAAAAAAAAAAAAAAAAAAAAAAAAAAAAAAAAAAAAAAAAAAAAAAAAAAAAAAAAAAAAAAAAAAAAAAAAAAAAAAAAAAAAAAAAAAAAAAAAAAAAAAAAAAAAAAAAAAAAAAAAAAAAAAAAAAAAAAAAAAAAAAAAAAAAAAAAAAAAAAAAAAAAAAAAAAAAAAAAAAAAAAAAAAAAAAAAAAAAAAAAAAAAAAAAAAAAAAAAAAAAAAAAAAAAAAAAAAAAAAAAAAAAAAAAAAAAAAAAAAAAAAAAAAAAAAAAAAAAAAAAAAAAAAAAAAAAAAAAAAAAAAAAAAAAAAAAAAAAAAAAAAAAAAAAAAAAAAAAAAAAAAAAAAAAAAAAAAAAAAAAAAAAAAAAAAAAAAAAAAAAAAAAAAAAAAAAAAAAAAAAAAAAAAAAAAAAAAAAAAAAAAAAAAAAAAAAAAAAAAAAAAAAAAAAAAAAAAAAAAAAAAAAAAAAAAAAAAAAAAAAAAAAAAAAAAAAAAAAAAAAAAAAAAAAAAAAAAAAAAAAAAAAAAAAAAAAAAAAAAAAAAAAAAAAAAAAAAAAAAAAAAAAAAAAAAAAAAAAAAAAAAAAAAAAAAAAAAAAAAAAAAAAAAAAAAAAAAAAAAAAAAAAAAAAAAAAAAAAAAAAAAAAAAAAAAAAAAAAAAAAAAAAAAAAAAAAAAAAAAAAAAAAAAAAAAAAAAAAAAAAAAAAAAAAAAAAAAAAAAAAAAAAAAAAAAAAAAAAAAAAAAAAAAAAAAAAAAAAAAAAAAAAAAAAAAAAAAAAAAAAAAAAAAAAAAAAAAAAAAAAAAAAAAAAAAAAAAAAAAAAAAAAAAAAAAAAAAAAAAAAAAAAAAAAAAAAAAAAAAAAAAAAAAAAAAAAAAAAAAAAAAAAAAAAAAAAAAAAAAAAAAAAAAAAAAAAAAAAAAAAAAAAAAAAAAAAAAAAAAAAAAAAAAAAAAAAAAAAAAAAAAAAAAAAAAAAAAAAAAAAAAAAAAAAAAAAAAAAAAAAAAAAAAAAAAAAAAAAAAAAAAAAAAAAAAAAAAAAAAAAAAAAAAAAAAAAAAAAAAAAAAAAAAAAAAAAAAAAAAAAAAAAAAAAAAAAAAAAAAAAAAAAAAAAAAAAAAAAAAAAAAAAAAAAAAAAAAAAAAAAAAAAAAAAAAAAAAAAAAAAAAAAAAAAAAAAAAAAAAAAAAAAAAAAAAAAAAAAAAAAAAAAAAAAAAAAAAAAAAAAAAAAAAAAAAAAAAAAAAAAAAAAAAAAAAAAAAAAAAAAAAAAAAAAAAAAAAAAAAAAAAAAAAAAAAAAAAAAAAAAAAAAAAAAAAAAAAAAAAAAAAAAAAAAAAAAAAAAAAAAAAAAAAAAAAAAAAAAAAAAAAAAAAAAAAAAAAAAAAAAAAAAAAAAAAAAAAAAAAAAAAAAAAAAAAAAAAAAAAAAAAAAAAAAAAAAAAAAAAAAAAAAAAAAAAAAAAAAAAAAAAAAAAAAAAAAAAAAAAAAAAAAAAAAAAAAAAAAAAAAAAAAAAAAAAAAAAAAAAAAAAAAAAAAAAAAAAAAAAAAAAAAAAAAAAAAAAAAAAAAAAAAAAAAAAAAAAAAAAAAAAAAAAAAAAAAAAAAAAAAAAAAAAAAAAAAAAAAAAAAAAAAAAAAAAAAAAAAAAAAAAAAAAAAAAAAAAAAAAAAAAAAAAAAAAAAAAAAAAAAAAAAAAAAAAAAAAAAAAAAAAAAAAAAAAAAAAAAAAAAAAAAAAAAAAAAAAAAAAAAAAAAAAAAAAAAAAAAAAAAAAAAAAAAAAAAAAAAAAAAAAAAAAAAAAAAAAAAAAAAAAAAAAAAAAAAAAAAAAAAAAAAAAAAAAAAAAAAAAAAAAAAAAAAAAAAAAAAAAAAAAAAAAAAAAAAAAAAAAAAAAAAAAAAAAAAAAAAAAAAAAAAAAAAAAAAAAAAAAAAAAAAAAAAAAAAAAAAAAAAAAAAAAAAAAAAAAAAAAAAAAAAAAAAAAAAAAAAAAAAAAAAAAAAAAAAAAAAAAAAAAAAAAAAAAAAAAAAAAAAAAAAAAAAAAAAAAAAAAAAAAAAAAAAAAAAAAAAAAAAAAAAAAAAAAAAAAAAAAAAAAAAAAAAAAAAAAAAAAAAAAAAAAAAAAAAAAAAAAAAAAAAAAAAAAAAAAAAAAAAAAAAAAAAAAAAAAAAAAAAAAAAAAAAAAAAAAAAAAAAAAAAAAAAAAAAAAAAAAAAAAAAAAAAAAAAAAAAAAAAAAAAAAAAAAAAAAAAAAAAAAAAAAAAAAAAAAAAAAAAAAAAAAAAAAAAAAAAAAAAAAAAAAAAAAAAAAAAAAAAAAAAAAAAAAAAAAAAAAAAAAAAAAAAAAAAAAAAAAAAAAAAAAAAAAAAAAAAAAAAAAAAAAAAAAAAAAAAAAAAAAAAAAAAAAAAAAAAAAAAAAAAAAAAAAAAAAAAAAAAAAAAAAAAAAAAAAAAAAAAAAAAAAAAAAAAAAAAAAAAAAAAAAAAAAAAAAAAAAAAAAAAAAAAAAAAAAAAAAAAAAAAAAAAAAAAAAAAAAAAAAAAAAAAAAAAAAAAAAAAAAAAAAAAAAAAAAAAAAAAAAAAAAAAAAAAAAAAAAAAAAAAAAAAAAAAAAAAAAAAAAAAAAAAAAAAAAAAAAAAAAAAAAAAAAAAAAAAAAAAAAAAAAAAAAAAAAAAAAAAAAAAAAAAAAAAAAAAAAAAAAAAAAAAAAAAAAAAAAAAAAAAAAAAAAAAAAAAAAAAAAAAAAAAAAAAAAAAAAAAAAAAAAAAAAAAAAAAAAAAAAAAAAAAAAAAAAAAAAAAAAAAAAAAAAAAAAAAAAAAAAAAAAAAAAAAAAAAAAAAAAAAAAAAAAAAAAAAAAAAAAAAAAAAAAAAAAAAAAAAAAAAAAAAAAAAAAAAAAAAAAAAAAAAAAAAAAAAAAAAAAAAAAAAAAAAAAAAAAAAAAAAAAAAAAAAAAAAAAAAAAAAAAAAAAAAAAAAAAAAAAAAAAAAAAAAAAAAAAAAAAAAAAAAAAAAAAAAAAAAAAAAAAAAAAAAAAAAAAAAAAAAAAAAAAAAAAAAAAAAAAAAAAAAAAAAAAAAAAAAAAAAAAAAAAAAAAAAAAAAAAAAAAAAAAAAAAAAAAAAAAAAAAAAAAAAAAAAAAAAAAAAAAAAAAAAAAAAAAAAAAAAAAAAAAAAAAAAAAAAAAAAAAAAAAAAAAAAAAAAAAAAAAAAAAAAAAAAAAAAAAAAAAAAAAAAAAAAAAAAAAAAAAAAAAAAAAAAAAAAAAAAAAAAAAAAAAAAAAAAAAAAAAAAAAAAAAAAAAAAAAAAAAAAAAAAAAAAAAAAAAAAAAAAAAAAAAAAAAAAAAAAAAAAAAAAAAAAAAAAAAAAAAAAAAAAAAAAAAAAAAAAAAAAAAAAAAAAAAAAAAAAAAAAAAAAAAAAAAAAAAAAAAAAAAAAAAAAAAAAAAAAAAAAAAAAAAAAAAAAAAAAAAAAAAAAAAAAAAAAAAAAAAAAAAAAAAAAAAAAAAAAAAAAAAAAAAAAAAAAAAAAAAAAAAAAAAAAAAAAAAAAAAAAAAAAAAAAAAAAAAAAAAAAAAAAAAAAAAAAAAAAAAAAAAAAAAAAAAAAAAAAAAAAAAAAAAAAAAAAAAAAAAAAAAAAAAAAAAAAAAAAAAAAAAAAAAAAAAAAAAAAAAAAAAAAAAAAAAAAAAAAAAAAAAAAAAAAAAAAAAAAAAAAAAAAAAAAAAAAAAAAAAAAAAAAAAAAAAAAAAAAAAAAAAAAAAAAAAAAAAAAAAAAAAAAAAAAAAAAAAAAAAAAAAAAAAAAAAAAAAAAAAAAAAAAAAAAAAAAAAAAAAAAAAAAAAAAAAAAAAAAAAAAAAAAAAAAAAAAAAAAAAAAAAAAAAAAAAAAAAAAAAAAAAAAAAAAAAAAAAAAAAAAAAAAAAAAAAAAAAAAAAAAAAAAAAAAAAAAAAAAAAAAAAAAAAAAAAAAAAAAAAAAAAAAAAAAAAAAAAAAAAAAAAAAAAAAAAAAAAAAAAAAAAAAAAAAAAAAAAAAAAAAAAAAAAAAAAAAAAAAAAAAAAAAAAAAAAAAAAAAAAAAAAAAAAAAAAAAAAAAAAAAAAAAAAAAAAAAAAAAAAAAAAAAAAAAAAAAAAAAAAAAAAAAAAAAAAAAAAAAAAAAAAAAAAAAAAAAAAAAAAAAAAAAAAAAAAAAAAAAAAAAAAAAAAAAAAAAAAAAAAAAAAAAAAAAAAAAAAAAAAAAAAAAAAAAAAAAAAAAAAAAAAAAAAAAAAAAAAAAAAAAAAAAAAAAAAAAAAAAAAAAAAAAAAAAAAAAAAAAAAAAAAAAAAAAAAAAAAAAAAAAAAAAAAAAAAAAAAAAAAAAAAAAAAAAAAAAAAAAAAAAAAAAAAAAAAAAAAAAAAAAAAAAAAAAAAAAAAAAAAAAAAAAAAAAAAAAAAAAAAAAAAAAAAAAAAAAAAAAAAAAAAAAAAAAAAAAAAAAAAAAAAAAAAAAAAAAAAAAAAAAAAAAAAAAAAAAAAAAAAAAAAAAAAAAAAAAAAAAAAAAAAAAAAAAAAAAAAAAAAAAAAAAAAAAAAAAAAAAAAAAAAAAAAAAAAAAAAAAAAAAAAAAAAAAAAAAAAAAAAAAAAAAAAAAAAAAAAAAAAAAAAAAAAAAAAAAAAAAAAAAAAAAAAAAAAAAAAAAAAAAAAAAAAAAAAAAAAAAAAAAAAAAAAAAAAAAAAAAAAAAAAAAAAAAAAAAAAAAAAAAAAAAAAAAAAAAAAAAAAAAAAAAAAAAAAAAAAAAAAAAAAAAAAAAAAAAAAAAAAAAAAAAAAAAAAAAAAAAAAAAAAAAAAAAAAAAAAAAAAAAAAAAAAAAAAAAAAAAAAAAAAAAAAAAAAAAAAAAAAAAAAAAAAAAAAAAAAAAAAAAAAAAAAAAAAAAAAAAAAAAAAAAAAAAAAAAAAAAAAAAAAAAAAAAAAAAAAAAAAAAAAAAAAAAAAAAAAAAAAAAAAAAAAAAAAAAAAAAAAAAAAAAAAAAAAAAAAAAAAAAAAAAAAAAAAAAAAAAAAAAAAAAAAAAAAAAAAAAAAAAAAAAAAAAAAAAAAAAAAAAAAAAAAAAAAAAAAAAAAAAAAAAAAAAAAAAAAAAAAAAAAAAAAAAAAAAAAAAAAAAAAAAAAAAAAAAAAAAAAAAAAAAAAAAAAAAAAAAAAAAAAAAAAAAAAAAAAAAAAAAAAAAAAAAAAAAAAAAAAAAAAAAAAAAAAAAAAAAAAAAAAAAAAAAAAAAAAAAAAAAAAAAAAAAAAAAAAAAAAAAAAAAAAAAAAAAAAAAAAAAAAAAAAAAAAAAAAAAAAAAAAAAAAAAAAAAAAAAAAAAAAAAAAAAAAAAAAAAAAAAAAAAAAAAAAAAAAAAAAAAAAAAAAAAAAAAAAAAAAAAAAAAAAAAAAAAAAAAAAAAAAAAAAAAAAAAAAAAAAAAAAAAAAAAAAAAAAAAAAAAAAAAAAAAAAAAAAAAAAAAAAAAAAAAAAAAAAAAAAAAAAAAAAAAAAAAAAAAAAAAAAAAAAAAAAAAAAAAAAAAAAAAAAAAAAAAAAAAAAAAAAAAAAAAAAAAAAAAAAAAAAAAAAAAAAAAAAAAAAAAAAAAAAAAAAAAAAAAAAAAAAAAAAAAAAAAAAAAAAAAAAAAAAAAAAAAAAAAAAAAAAAAAAAAAAAAAAAAAAAAAAAAAAAAAAAAAAAAAAAAAAAAAAAAAAAAAAAAAAAAAAAAAAAAAAAAAAAAAAAAAAAAAAAAAAAAAAAAAAAAAAAAAAAAAAAAAAAAAAAAAAAAAAAAAAAAAAAAAAAAAAAAAAAAAAAAAAAAAAAAAAAAAAAAAAAAAAAAAAAAAAAAAAAAAAAAAAAAAAAAAAAAAAAAAAAAAAAAAAAAAAAAAAAAAAAAAAAAAAAAAAAAAAAAAAAAAAAAAAAAAAAAAAAAAAAAAAAAAAAAAAAAAAAAAAAAAAAAAAAAAAAAAAAAAAAAAAAAAAAAAAAAAAAAAAAAAAAAAAAAAAAAAAAAAAAAAAAAAAAAAAAAAAAAAAAAAAAAAAAAAAAAAAAAAAAAAAAAAAAAAAAAAAAAAAAAAAAAAAAAAAAAAAAAAAAAAAAAAAAAAAAAAAAAAAAAAAAAAAAAAAAAAAAAAAAAAAAAAAAAAAAAAAAAAAAAAAAAAAAAAAAAAAAAAAAAAAAAAAAAAAAAAAAAAAAAAAAAAAAAAAAAAAAAAAAAAAAAAAAAAAAAAAAAAAAAAAAAAAAAAAAAAAAAAAAAAAAAAAAAAAAAAAAAAAAAAAAAAAAAAAAAAAAAAAAAAAAAAAAAAAAAAAAAAAAAAAAAAAAAAAAAAAAAAAAAAAAAAAAAAAAAAAAAAAAAAAAAAAAAAAAAAAAAAAAAAAAAAAAAAAAAAAAAAAAAAAAAAAAAAAAAAAAAAAAAAAAAAAAAAAAAAAAAAAAAAAAAAAAAAAAAAAAAAAAAAAAAAAAAAAAAAAAAAAAAAAAAAAAAAAAAAAAAAAAAAAAAAAAAAAAAAAAAAAAAAAAAAAAAAAAAAAAAAAAAAAAAAAAAAAAAAAAAAAAAAAAAAAAAAAAAAAAAAAAAAAAAAAAAAAAAAAAAAAAAAAAAAAAAAAAAAAAAAAAAAAAAAAAAAAAAAAAAAAAAAAAAAAAAAAAAAAAAAAAAAAAAAAAAAAAAAAAAAAAAAAAAAAAAAAAAAAAAAAAAAAAAAAAAAAAAAAAAAAAAAAAAAAAAAAAAAAAAAAAAAAAAAAAAAAAAAAAAAAAAAAAAAAAAAAAAAAAAAAAAAAAAAAAAAAAAAAAAAAAAAAAAAAAAAAAAAAAAAAAAAAAAAAAAAAAAAAAAAAAAAAAAAAAAAAAAAAAAAAAAAAAAAAAAAAAAAAAAAAAAAAAAAAAAAAAAAAAAAAAAAAAAAAAAAAAAAAAAAAAAAAAAAAAAAAAAAAAAAAAAAAAAAAAAAAAAAAAAAAAAAAAAAAAAAAAAAAAAAAAAAAAAAAAAAAAAAAAAAAAAAAAAAAAAAAAAAAAAAAAAAAAAAAAAAAAAAAAAAAAAAAAAAAAAAAAAAAAAAAAAAAAAAAAAAAAAAAAAAAAAAAAAAAAAAAAAAAAAAAAAAAAAAAAAAAAAAAAAAAAAAAAAAAAAAAAAAAAAAAAAAAAAAAAAAAAAAAAAAAAAAAAAAAAAAAAAAAAAAAAAAAAAAAAAAAAAAAAAAAAAAAAAAAAAAAAAAAAAAAAAAAAAAAAAAAAAAAAAAAAAAAAAAAAAAAAAAAAAAAAAAAAAAAAAAAAAAAAAAAAAAAAAAAAAAAAAAAAAAAAAAAAAAAAAAAAAAAAAAAAAAAAAAAAAAAAAAAAAAAAAAAAAAAAAAAAAAAAAAAAAAAAAAAAAAAAAAAAAAAAAAAAAAAAAAAAAAAAAAAAAAAAAAAAAAAAAAAAAAAAAAAAAAAAAAAAAAAAAAAAAAAAAAAAAAAAAAAAAAAAAAAAAAAAAAAAAAAAAAAAAAAAAAAAAAAAAAAAAAAAAAAAAAAAAAAAAAAAAAAAAAAAAAAAAAAAAAAAAAAAAAAAAAAAAAAAAAAAAAAAAAAAAAAAAAAAAAAAAAAAAAAAAAAAAAAAAAAAAAAAAAAAAAAAAAAAAAAAAAAAAAAAAAAAAAAAAAAAAAAAAAAAAAAAAAAAAAAAAAAAAAAAAAAAAAAAAAAAAAAAAAAAAAAAAAAAAAAAAAAAAAAAAAAAAAAAAAAAAAAAAAAAAAAAAAAAAAAAAAAAAAAAAAAAAAAAAAAAAAAAAAAAAAAAAAAAAAAAAAAAAAAAAAAAAAAAAAAAAAAAAAAAAAAAAAAAAAAAAAAB+PgAAAQAAAPw9AAABAAAABj4AAAEAAAAwPAAAAQAAAFA8AAABAAAAIDMAAAEAAAAQPgAAAQAAABo+AAABAAAAJD4AAAEAAAAuPgAAAQAAADAxAAABAAAAOD4AAAEAAABCPgAAAQAAAEw+AAABAAAA8DAAAAEAAABWPgAAAQAAAGA+AAABAAAAaj4AAAEAAAB0PgAAAQAAAIg+AAABAAAAAAAAAAAAAAAAAAAAAAAAAAAAAAAAAAAAAAAAAAAAAAAAAAAAAAAAAAAAAAAAAAAAAAAAAAAAAAAAAAAAAAAAAAAAAAAAAAAAAAAAAAAAAAAAAAAAAAAAAAAAAAAAAAAAAAAAAAAAAAAAAAAAAAAAAAAAAAAAAAAAAAAAAAAAAAAAAAAAAAAAAAAAAAAAAAAAAAAAAAAAAAAAAAAAAAAAAAAAAAAAAAAAAAAAAAAAAAAAAAAAAAAAAAAAAAAAAAAAAAAAAAAAAAAAAAAAAAAAAAAAAAAAAAAAAAAAAAAAAAAAAAAAAAAAAAAAAAAAAAAAAAAAAAAAAAAAAAAAAAAAAAAAAAAAAAAAAAAAAAAAAAAAAAAAAAAAAAAAAAAAAAAAAAAAAAAAAAAAAAAAAAAAAAAAAAAAAAAAAAAAAAAAAAAAAAAAAAAAAAAAAAAAAAAAAAAAAAAAAAAAAAAAAAAAAAAAAAAAAAAAAAAAAAAAAAAAAAAAAAAAAAAAAAAAAAAAAAAAAAAAAAAAAAAAAAAAAAAAAAAAAAAAAAAAAAAAAAAAAAAAAAAAAAAAAAAAAAAAAAAAAAAAAAAAAAAAAAAAAAAAAAAAAAAAAAAAAAAAAAAAAAAAAAAAAAAAAAAAAAAAAAAAAAAAAAAAAAAAAAAAAAAAAAAAAAAAAAAAAAAAAAAAAAAAAAAAAAAAAAAAAAAAAAAAAAAAAAAAAAAAAAAAAAAAAAAAAAAAAAAAAAAAAAAAAAAAAAAAAAAAAAAAAAAAAAAAAAAAAAAAAAAAAAAAAAAAAAAAAAAAAAAAAAAAAAAAAAAAAAAAAAAAAAAAAAAAAAAAAAAAAAAAAAAAAAAAAAAAAAAAAAAAAAAAAAAAAAAAAAAAAAAAAAAAAAAAAAAAAAAAAAAAAAAAAAAAAAAAAAAAAAAAAAAAAAAAAAAAAAAAAAAAAAAAAAAAAAAAAAAAAAAAAAAAAAAAAAAAAAAAAAAAAAAAAAAAAAAAAAAAAAAAAAAAAAAAAAAAAAAAAAAAAAAAAAAAAAAAAAAAAAAAAAAAAAAAAAAAAAAAAAAAAAAAAAAAAAAAAAAAAAAAAAAAAAAAAAAAAAAAAAAAAAAAAAAAAAAAAAAAAAAAAAAAAAAAAAAAAAAAAAAAAAAAAAAAAAAAAAAAAAAAAAAAAAAAAAAAAAAAAAAAAAAAAAAAAAAAAAAAAAAAAAAAAAAAAAAAAAAAAAAAAAAAAAAAAAAAAAAAAAAAAAAAAAAAAAAAAAAAAAAAAAAAAAAAAAAAAAAAAAAAAAAAAAAAAAAAAAAAAAAAAAAAAAAAAAAAAAAAAAAAAAAAAAAAAAAAAAAAAAAAAAAAAAAAAAAAAAAAAAAAAAAAAAAAAAAAAAAAAAAAAAAAAAAAAAAAAAAAAAAAAAAAAAAAAAAAAAAAAAAAAAAAAAAAAAAAAAAAAAAAAAAAAAAAAAAAAAAAAAAAAAAAAAAAAAAAAAAAAAAAAAAAAAAAAAAAAAAAAAAAAAAAAAAAAAAAAAAAAAAAAAAAAAAAAAAAAAAAAAAAAAAAAAAAAAAAAAAAAAAAAAAAAAAAAAAAAAAAAAAAAAAAAAAAAAAAAAAAAAAAAAAAAAAAAAAAAAAAAAAAAAAAAAAAAAAAAAAAAAAAAAAAAAAAAAAAAAAAAAAAAAAAAAAAAAAAAAAAAAAAAAAAAAAAAAAAAAAAAAAAAAAAAAAAAAAAAAAAAAAAAAAAAAAAAAAAAAAAAAAAAAAAAAAAAAAAAAAAAAAAAAAAAAAAAAAAAAAAAAAAAAAAAAAAAAAAAAAAAAAAAAAAAAAAAAAAAAAAAAAAAAAAAAAAAAAAAAAAAAAAAAAAAAAAAAAAAAAAAAAAAAAAAAAAAAAAAAAAAAAAAAAAAAAAAAAAAAAAAAAAAAAAAAAAAAAAAAAAAAAAAAAAAAAAAAAAAAAAAAAAAAAAAAAAAAAAAAAAAAAAAAAAAAAAAAAAAAAAAAAAAAAAAAAAAAAAAAAAAAAAAAAAAAAAAAAAAAAAAAAAAAAAAAAAAAAAAAAAAAAAAAAAAAAAAAAAAAAAAAAAAAAAAAAAAAAAAAAAAAAAAAAAAAAAAAAAAAAAAAAAAAAAAAAAAAAAAAAAAAAAAAAAAAAAAAAAAAAAAAAAAAAAAAAAAAAAAAAAAAAAAAAAAAAAAAAAAAAAAAAAAAAAAAAAAAAAAAAAAAAAAAAAAAAAAAAAAAAAAAAAAAAAAAAAAAAAAAAAAAAAAAAAAAAAAAAAAAAAAAAAAAAAAAAAAAAAAAAAAAAAAAAAAAAAAAAAAAAAAAAAAAAAAAAAAAAAAAAAAAAAAAAAAAAAAAAAAAAAAAAAAAAAAAAAAAAAAAAAAAAAAAAAAAAAAAAAAAAAAAAAAAAAAAAAAAAAAAAAAAAAAAAAAAAAAAAAAAAAAAAAAAAAAAAAAAAAAAAAAAAAAAAAAAAAAAAAAAAAAAAAAAAAAAAAAAAAAAAAAAAAAAAAAAAAAAAAAAAAAAAAAAAAAAAAAAAAAAAAAAAAAAAAAAAAAAAAAAAAAAAAAAAAAAAAAAAAAAAAAAAAAAAAAAAAAAAAAAAAAAAAAAAAAAAAAAAAAAAAAAAAAAAAAAAAAAAAAAAAAAAAAAAAAAAAAAAAAAAAAAAAAAAAAAAAAAAAAAAAAAAAAAAAAAAAAAAAAAAAAAAAAAAAAAAAAAAAAAAAAAAAAAAAAAAAAAAAAAAAAAAAAAAAAAAAAAAAAAAAAAAAAAAAAAAAAAAAAAAAAAAAAAAAAAAAAAAAAAAAAAAAAAAAAAAAAAAAAAAAAAAAAAAAAAAAAAAAAAAAAAAAAAAAAAAAAAAAAAAAAAAAAAAAAAAAAAAAAAAAAAAAAAAAAAAAAAAAAAAAAAAAAAAAAAAAAAAAAAAAAAAAAAAAAAAAAAAAAAAAAAAAAAAAAAAAAAAAAAAAAAAAAAAAAAAAAAAAAAAAAAAAAAAAAAAAAAAAAAAAAAAAAAAAAAAAAAAAAAAAAAAAAAAAAAAAAAAAAAAAAAAAAAAAAAAAAAAAAAAAAAAAAAAAAAAAAAAAAAAAAAAAAAAAAAAAAAAAAAAAAAAAAAAAAAAAAAAAAAAAAAAAAAAAAAAAAAAAAAAAAAAAAAAAAAAAAAAAAAAAAAAAAAAAAAAAAAAAAAAAAAAAAAAAAAAAAAAAAAAAAAAAAAAAAAAAAAAAAAAAAAAAAAAAAAAAAAAAAAAAAAAAAAAAAAAAAAAAAAAAAAAAAAAAAAAAAAAAAAAAAAAAAAAAAAAAAAAAAAAAAAAAAAAAAAAAAAAAAAAAAAAAAAAAAAAAAAAAAAAAAAAAAAAAAAAAAAAAAAAAAAAAAAAAAAAAAAAAAAAAAAAAAAAAAAAAAAAAAAAAAAAAAAAAAAAAAAAAAAAAAAAAAAAAAAAAAAAAAAAAAAAAAAAAAAAAAAAAAAAAAAAAAAAAAAAAAAAAAAAAAAAAAAAAAAAAAAAAAAAAAAAAAAAAAAAAAAAAAAAAAAAAAAAAAAAAAAAAAAAAAAAAAAAAAAAAAAAAAAAAAAAAAAAAAAAAAAAAAAAAAAAAAAAAAAAAAAAAAAAAAAAAAAAAAAAAAAAAAAAAAAAAAAAAAAAAAAAAAAAAAAAAAAAAAAAAAAAAAAAAAAAAAAAAAAAAAAAAAAAAAAAAAAAAAAAAAAAAAAAAAAAAAAAAAAAAAAAAAAAAAAAAAAAAAAAAAAAAAAAAAAAAAAAAAAAAAAAAAAAAAAAAAAAAAAAAAAAAAAAAAAAAAAAAAAAAAAAAAAAAAAAAAAAAAAAAAAAAAAAAAAAAAAAAAAAAAAAAAAAAAAAAAAAAAAAAAAAAAAAAAAAAAAAAAAAAAAAAAAAAAAAAAAAAAAAAAAAAAAAAAAAAAAAAAAAAAAAAAAAAAAAAAAAAAAAAAAAAAAAAAAAAAAAAAAAAAAAAAAAAAAAAAAAAAAAAAAAAAAAAAAAAAAAAAAAAAAAAAAAAAAAAAAAAAAAAAAAAAAAAAAAAAAAAAAAAAAAAAAAAAAAAAAAAAAAAAAAAAAAAAAAAAAAAAAAAAAAAAAAAAAAAAAAAAAAAAAAAAAAAAAAAAAAAAAAAAAAAAAAAAAAAAAAAAAAAAAAAAAAAAAAAAAAAAAAAAAAAAAAAAAAAAAAAAAAAAAAAAAAAAAAAAAAAAAAAAAAAAAAAAAAAAAAAAAAAAAAAAAAAAAAAAAAAAAAAAAAAAAAAAAAAAAAAAAAAAAAAAAAAAAAAAAAAAAAAAAAAAAAAAAAAAAAAAAAAAAAAAAAAAAAAAAAAAAAAAAAAAAAAAAAAAAAAAAAAAAAAAAAAAAAAAAAAAAAAAAAAAAAAAAAAAAAAAAAAAAAAAAAAAAAAAAAAAAAAAAAAAAAAAAAAAAAAAAAAAAAAAAAAAAAAAAAAAAAAAAAAAAAAAAAAAAAAAAAAAAAAAAAAAAAAAAAAAAAAAAAAAAAAAAAAAAAAAAAAAAAAAAAAAAAAAAAAAAAAAAAAAAAAAAAAAAAAAAAAAAAAAAAAAAAAAAAAAAAAAAAAAAAAAAAAAAAAAAAAAAAAAAAAAAAAAAAAAAAAAAAAAAAAAAAAAAAAAAAAAAAAAAAAAAAAAAAAAAAAAAAAAAAAAAAAAAAAAAAAAAAAAAAAAAAAAAAAAAAAAAAAAAAAAAAAAAAAAAAAAAAAAAAAAAAAAAAAAAAAAAAAAAAAAAAAAAAAAAAAAAAAAAAAAAAAAAAAAAAAAAAAAAAAAAAAAAAAAAAAAAAAAAAAAAAAAAAAAAAAAAAAAAAAAAAAAAAAAAAAAAAAAAAAAAAAAAAAAAAAAAAAAAAAAAAAAAAAAAAAAAAAAAAAAAAAAAAAAAAAAAAAAAAAAAAAAAAAAAAAAAAAAAAAAAAAAAAAAAAAAAAAAAAAAAAAAAAAAAAAAAAAAAAAAAAAAAAAAAAAAAAAAAAAAAAAAAAAAAAAAAAAAAAAAAAAAAAAAAAAAAAAAAAAAAAAAAAAAAAAAAAAAAAAAAAAAAAAAAAAAAAAAAAAAAAAAAAAAAAAAAAAAAAAAAAAAAAAAAAAAAAAAAAAAAAAAAAAAAAAAAAAAAAAAAAAAAAAAAAAAAAAAAAAAAAAAAAAAAAAAAAAAAAAAAAAAAAAAAAAAAAAAAAAAAAAAAAAAAAAAAAAAAAAAAAAAAAAAAAAAAAAAAAAAAAAAAAAAAAAAAAAAAAAAAAAAAAAAAAAAAAAAAAAAAAAAAAAAAAAAAAAAAAAAAAAAAAAAAAAAAAAAAAAAAAAAAAAAAAAAAAAAAAAAAAAAAAAAAAAAAAAAAAAAAAAAAAAAAAAAAAAAAAAAAAAAAAAAAAAAAAAAAAAAAAAAAAAAAAAAAAAAAAAAAAAAAAAAAAAAAAAAAAAAAAAAAAAAAAAAAAAAAAAAAAAAAAAAAAAAAAAAAAAAAAAAAAAAAAAAAAAAAAAAAAAAAAAAAAAAAAAAAAAAAAAAAAAAAAAAAAAAAAAAAAAAAAAAAAAAAAAAAAAAAAAAAAAAAAAAAAAAAAAAAAAAAAAAAAAAAAAAAAAAAAAAAAAAAAAAAAAAAAAAAAAAAAAAAAAAAAAAAAAAAAAAAAAAAAAAAAAAAAAAAAAAAAAAAAAAAAAAAAAAAAAAAAAAAAAAAAAAAAAAAAAAAAAAAAAAAAAAAAAAAAAAAAAAAAAAAAAAAAAAAAAAAAAAAAAAAAAAAAAAAAAAAAAAAAAAAAAAAAAAAAAAAAAAAAAAAAAAAAAAAAAAAAAAAAAAAAAAAAAAAAAAAAAAAAAAAAAAAAAAAAAAAAAAAAAAAAAAAAAAAAAAAAAAAAAAAAAAAAAAAAAAAAAAAAAAAAAAAAAAAAAAAAAAAAAAAAAAAAAAAAAAAAAAAAAAAAAAAAAAAAAAAAAAAAAAAAAAAAAAAAAAAAAAAAAAAAAAAAAAAAAAAAAAAAAAAAAAAAAAAAAAAAAAAAAAAAAAAAAAAAAAAAAAAAAAAAAAAAAAAAAAAAAAAAAAAAAAAAAAAAAAAAAAAAAAAAAAAAAAAAAAAAAAAAAAAAAAAAAAAAAAAAAAAAAAAAAAAAAAAAAAAAAAAAAAAAAAAAAAAAAAAAAAAAAAAAAAAAAAAAAAAAAAAAAAAAAAAAAAAAAAAAAAAAAAAAAAAAAAAAAAAAAAAAAAAAAAAAAAAAAAAAAAAAAAAAAAAAAAAAAAAAAAAAAAAAAAAAAAAAAAAAAAAAAAAAAAAAAAAAAAAAAAAAAAAAAAAAAAAAAAAAAAAAAAAAAAAAAAAAAAAAAAAAAAAAAAAAAAAAAAAAAAAAAAAAAAAAAAAAAAAAAAAAAAAAAAAAAAAAAAAAAAAAAAAAAAAAAAAAAAAAAAAAAAAAAAAAAAAAAAAAAAAAAAAAAAAAAAAAAAAAAAAAAAAAAAAAAAAAAAAAAAAAAAAAAAAAAAAAAAAAAAAAAAAAAAAAAAAAAAAAAAAAAAAAAAAAAAAAAAAAAAAAAAAAAAAAAAAAAAAAAAAAAAAAAAAAAAAAAAAAAAAAAAAAAAAAAAAAAAAAAAAAAAAAAAAAAAAAAAAAAAAAAAAAAAAAAAAAAAAAAAAAAAAAAAAAAAAAAAAAAAAAAAAAAAAAAAAAAAAAAAAAAAAAAAAAAAAAAAAAAAAAAAAAAAAAAAAAAAAAAAAAAAAAAAAAAAAAAAAAAAAAAAAAAAAAAAAAAAAAAAAAAAAAAAAAAAAAAAAAAAAAAAAAAAAAAAAAAAAAAAAAAAAAAAAAAAAAAAAAAAAAAAAAAAAAAAAAAAAAAAAAAAAAAAAAAAAAAAAAAAAAAAAAAAAAAAAAAAAAAAAAAAAAAAAAAAAAAAAAAAAAAAAAAAAAAAAAAAAAAAAAAAAAAAAAAAAAAAAAAAAAAAAAAAAAAAAAAAAAAAAAAAAAAAAAAAAAAAAAAAAAAAAAAAAAAAAAAAAAAAAAAAAAAAAAAAAAAAAAAAAAAAAAAAAAAAAAAAAAAAAAAAAAAAAAAAAAAAAAAAAAAAAAAAAAAAAAAAAAAAAAAAAAAAAAAAAAAAAAAAAAAAAAAAAAAAAAAAAAAAAAAAAAAAAAAAAAAAAAAAAAAAAAAAAAAAAAAAAAAAAAAAAAAAAAAAAAAAAAAAAAAAAAAAAAAAAAAAAAAAAAAAAAAAAAAAAAAAAAAAAAAAAAAAAAAAAAAAAAAAAAAAAAAAAAAAAAAAAAAAAAAAAAAAAAAAAAAAAAAAAAAAAAAAAAAAAAAAAAAAAAAAAAAAAAAAAAAAAAAAAAAAAAAAAAAAAAAAAAAAAAAAAAAAAAAAAAAAAAAAAAAAAAAAAAAAAAAAAAAAAAAAAAAAAAAAAAAAAAAAAAAAAAAAAAAAAAAAAAAAAAAAAAAAAAAAAAAAAAAAAAAAAAAAAAAAAAAAAAAAAAAAAAAAAAAAAAAAAAAAAAAAAAAAAAAAAAAAAAAAAAAAAAAAAAAAAAAAAAAAAAAAAAAAAAAAAAAAAAAAAAAAAAAAAAAAAAAAAAAAAAAAAAAAAAAAAAAAAAAAAAAAAAAAAAAAAAAAAAAAAAAAAAAAAAAAAAAAAAAAAAAAAAAAAAAAAAAAAAAAAAAAAAAAAAAAAAAAAAAAAAAAAAAAAAAAAAAAAAAAAAAAAAAAAAAAAAAAAAAAAAAAAAAAAAAAAAAAAAAAAAAAAAAAAAAAAAAAAAAAAAAAAAAAAAAAAAAAAAAAAAAAAAAAAAAAAAAAAAAAAAAAAAAAAAAAAAAAAAAAAAAAAAAAAAAAAAAAAAAAAAAAAAAAAAAAAAAAAAAAAAAAAAAAAAAAAAAAAAAAAAAAAAAAAAAAAAAAAAAAAAAAAAAAAAAAAAAAAAAAAAAAAAAAAAAAAAAAAAAAAAAAAAAAAAAAAAAAAAAAAAAAAAAAAAAAAAAAAAAAAAAAAAAAAAAAAAAAAAAAAAAAAAAAAAAAAAAAAAAAAAAAAAAAAAAAAAAAAAAAAAAAAAAAAAAAAAAAAAAAAAAAAAAAAAAAAAAAAAAAAAAAAAAAAAAAAAAAAAAAAAAAAAAAAAAAAAAAAAAAAAAAAAAAAAAAAAAAAAAAAAAAAAAAAAAAAAAAAAAAAAAAAAAAAAAAAAAAAAAAAAAAAAAAAAAAAAAAAAAAAAAAAAAAAAAAAAAAAAAAAAAAAAAAAAAAAAAAAAAAAAAAAAAAAAAAAAAAAAAAAAAAAAAAAAAAAAAAAAAAAAAAAAAAAAAAAAAAAAAAAAAAAAAAAAAAAAAAAAAAAAAAAAAAAAAAAAAAAAAAAAAAAAAAAAAAAAAAAAAAAAAAAAAAAAAAAAAAAAAAAAAAAAAAAAAAAAAAAAAAAAAAAAAAAAAAAAAAAAAAAAAAAAAAAAAAAAAAAAAAAAAAAAAAAAAAAAAAAAAAAAAAAAAAAAAAAAAAAAAAAAAAAAAAAAAAAAAAAAAAAAAAAAAAAAAAAAAAAAAAAAAAAAAAAAAAAAAAAAAAAAAAAAAAAAAAAAAAAAAAAAAAAAAAAAAAAAAAAAAAAAAAAAAAAAAAAAAAAAAAAAAAAAAAAAAAAAAAAAAAAAAAAAAAAAAAAAAAAAAAAAAAAAAAAAAAAAAAAAAAAAAAAAAAAAAAAAAAAAAAAAAAAAAAAAAAAAAAAAAAAAAAAAAAAAAAAAAAAAAAAAAAAAAAAAAAAAAAAAAAAAAAAAAAAAAAAAAAAAAAAAAAAAAAAAAAAAAAAAAAAAAAAAAAAAAAAAAAAAAAAAAAAAAAAAAAAAAAAAAAAAAAAAAAAAAAAAAAAAAAAAAAAAAAAAAAAAAAAAAAAAAAAAAAAAAAAAAAAAAAAAAAAAAAAAAAAAAAAAAAAAAAAAAAAAAAAAAAAAAAAAAAAAAAAAAAAAAAAAAAAAAAAAAAAAAAAAAAAAAAAAAAAAAAAAAAAAAAAAAAAAAAAAAAAAAAAAAAAAAAAAAAAAAAAAAAAAAAAAAAAAAAAAAAAAAAAAAAAAAAAAAAAAAAAAAAAAAAAAAAAAAAAAAAAAAAAAAAAAAAAAAAAAAAAAAAAAAAAAAAAAAAAAAAAAAAAAAAAAAAAAAAAAAAAAAAAAAAAAAAAAAAAAAAAAAAAAAAAAAAAAAAAAAAAAAAAAAAAAAAAAAAAAAAAAAAAAAAAAAAAAAAAAAAAAAAAAAAAAAAAAAAAAAAAAAAAAAAAAAAAAAAAAAAAAAAAAAAAAAAAAAAAAAAAAAAAAAAAAAAAAAAAAAAAAAAAAAAAAAAAAAAAAAAAAAAAAAAAAAAAAAAAAAAAAAAAAAAAAAAAAAAAAAAAAAAAAAAAAAAAAAAAAAAAAAAAAAAAAAAAAAAAAAAAAAAAAAAAAAAAAAAAAAAAAAAAAAAAAAAAAAAAAAAAAAAAAAAAAAAAAAAAAAAAAAAAAAAAAAAAAAAAAAAAAAAAAAAAAAAAAAAAAAAAAAAAAAAAAAAAAAAAAAAAAAAAAAAAAAAAAAAAAAAAAAAAAAAAAAAAAAAAAAAAAAAAAAAAAAAAAAAAAAAAAAAAAAAAAAAAAAAAAAAAAAAAAAAAAAAAAAAAAAAAAAAAAAAAAAAAAAAAAAAAAAAAAAAAAAAAAAAAAAAAAAAAAAAAAAAAAAAAAAAAAAAAAAAAAAAAAAAAAAAAAAAAAAAAAAAAAAAAAAAAAAAAAAAAAAAAAAAAAAAAAAAAAAAAAAAAAAAAAAAAAAAAAAAAAAAAAAAAAAAAAAAAAAAAAAAAAAAAAAAAAAAAAAAAAAAAAAAAAAAAAAAAAAAAAAAAAAAAAAAAAAAAAAAAAAAAAAAAAAAAAAAAAAAAAAAAAAAAAAAAAAAAAAAAAAAAAAAAAAAAAAAAAAAAAAAAAAAAAAAAAAAAAAAAAAAAAAAAAAAAAAAAAAAAAAAAAAAAAAAAAAAAAAAAAAAAAAAAAAAAAAAAAAAAAAAAAAAAAAAAAAAAAAAAAAAAAAAAAAAAAAAAAAAAAAAAAAAAAAAAAAAAAAAAAAAAAAAAAAAAAAAAAAAAAAAAAAAAAAAAAAAAAAAAAAAAAAAAAAAAAAAAAAAAAAAAAAAAAAAAAAAAAAAAAAAAAAAAAAAAAAAAAAAAAAAAAAAAAAAAAAAAAAAAAAAAAAAAAAAAAAAAAAAAAAAAAAAAAAAAAAAAAAAAAAAAAAAAAAAAAAAAAAAAAAAAAAAAAAAAAAAAAAAAAAAAAAAAAAAAAAAAAAAAAAAAAAAAAAAAAAAAAAAAAAAAAAAAAAAAAAAAAAAAAAAAAAAAAAAAAAAAAAAAAAAAAAAAAAAAAAAAAAAAAAAAAAAAAAAAAAAAAAAAAAAAAAAAAAAAAAAAAAAAAAAAAAAAAAAAAAAAAAAAAAAAAAAAAAAAAAAAAAAAAAAAAAAAAAAAAAAAAAAAAAAAAAAAAAAAAAAAAAAAAAAAAAAAAAAAAAAAAAAAAAAAAAAAAAAAAAAAAAAAAAAAAAAAAAAAAAAAAAAAAAAAAAAAAAAAAAAAAAAAAAAAAAAAAAAAAAAAAAAAAAAAAAAAAAAAAAAAAAAAAAAAAAAAAAAAAAAAAAAAAAAAAAAAAAAAAAAAAAAAAAAAAAAAAAAAAAAAAAAAAAAAAAAAAAAAAAAAAAAAAAAAAAAAAAAAAAAAAAAAAAAAAAAAAAAAAAAAAAAAAAAAAAAAAAAAAAAAAAAAAAAAAAAAAAAAAAAAAAAAAAAAAAAAAAAAAAAAAAAAAAAAAAAAAAAAAAAAAAAAAAAAAAAAAAAAAAAAAAAAAAAAAAAAAAAAAAAAAAAAAAAAAAAAAAAAAAAAAAAAAAAAAAAAAAAAAAAAAAAAAAAAAAAAAAAAAAAAAAAAAAAAAAAAAAAAAAAAAAAAAAAAAAAAAAAAAAAAAAAAAAAAAAAAAAAAAAAAAAAAAAAAAAAAAAAAAAAAAAAAAAAAAAAAAAAAAAAAAAAAAAAAAAAAAAAAAAAAAAAAAAAAAAAAAAAAAAAAAAAAAAAAAAAAAAAAAAAAAAAAAAAAAAAAAAAAAAAAAAAAAAAAAAAAAAAAAAAAAAAAAAAAAAAAAAAAAAAAAAAAAAAAAAAAAAAAAAAAAAAAAAAAAAAAAAAAAAAAAAAAAAAAAAAAAAAAAAAAAAAAAAAAAAAAAAAAAAAAAAAAAAAAAAAAAAAAAAAAAAAAAAAAAAAAAAAAAAAAAAAAAAAAAAAAAAAAAAAAAAAAAAAAAAAAAAAAAAAAAAAAAAAAAAAAAAAAAAAAAAAAAAAAAAAAAAAAAAAAAAAAAAAAAAAAAAAAAAAAAAAAAAAAAAAAAAAAAAAAAAAAAAAAAAAAAAAAAAAAAAAAAAAAAAAAAAAAAAAAAAAAAAAAAAAAAAAAAAAAAAAAAAAAAAAAAAAAAAAAAAAAAAAAAAAAAAAAAAAAAAAAAAAAAAAAAAAAAAAAAAAAAAAAAAAAAAAAAAAAAAAAAAAAAAAAAAAAAAAAAAAAAAAAAAAAAAAAAAAAAAAAAAAAAAAAAAAAAAAAAAAAAAAAAAAAAAAAAAAAAAAAAAAAAAAAAAAAAAAAAAAAAAAAAAAAAAAAAAAAAAAAAAAAAAAAAAAAAAAAAAAAAAAAAAAAAAAAAAAAAAAAAAAAAAAAAAAAAAAAAAAAAAAAAAAAAAAAAAAAAAAAAAAAAAAAAAAAAAAAAAAAAAAAAAAAAAAAAAAAAAAAAAAAAAAAAAAAAAAAAAAAAAAAAAAAAAAAAAAAAAAAAAAAAAAAAAAAAAAAAAAAAAAAAAAAAAAAAAAAAAAAAAAAAAAAAAAAAAAAAAAAAAAAAAAAAAAAAAAAAAAAAAAAAAAAAAAAAAAAAAAAAAAAAAAAAAAAAAAAAAAAAAAAAAAAAAAAAAAAAAAAAAAAAAAAAAAAAAAAAAAAAAAAAAAAAAAAAAAAAAAAAAAAAAAAAAAAAAAAAAAAAAAAAAAAAAAAAAAAAAAAAAAAAAAAAAAAAAAAAAAAAAAAAAAAAAAAAAAAAAAAAAAAAAAAAAAAAAAAAAAAAAAAAAAAAAAAAAAAAAAAAAAAAAAAAAAAAAAAAAAAAAAAAAAAAAAAAAAAAAAAAAAAAAAAAAAAAAAAAAAAAAAAAAAAAAAAAAAAAAAAAAAAAAAAAAAAAAAAAAAAAAAAAAAAAAAAAAAAAAAAAAAAAAAAAAAAAAAAAAAAAAAAAAAAAAAAAAAAAAAAAAAAAAAAAAAAAAAAAAAAAAAAAAAAAAAAAAAAAAAAAAAAAAAAAAAAAAAAAAAAAAAAAAAAAAAAAAAAAAAAAAAAAAAAAAAAAAAAAAAAAAAAAAAAAAAAAAAAAAAAAAAAAAAAAAAAAAAAAAAAAAAAAAAAAAAAAAAAAAAAAAAAAAAAAAAAAAAAAAAAAAAAAAAAAAAAAAAAAAAAAAAAAAAAAAAAAAAAAAAAAAAAAAAAAAAAAAAAAAAAAAAAAAAAAAAAAAAAAAAAAAAAAAAAAAAAAAAAAAAAAAAAAAAAAAAAAAAAAAAAAAAAAAAAAAAAAAAAAAAAAAAAAAAAAAAAAAAAAAAAAAAAAAAAAAAAAAAAAAAAAAAAAAAAAAAAAAAAAAAAAAAAAAAAAAAAAAAAAAAAAAAAAAAAAAAAAAAAAAAAAAAAAAAAAAAAAAAAAAAAAAAAAAAAAAAAAAAAAAAAAAAAAAAAAAAAAAAAAAAAAAAAAAAAAAAAAAAAAAAAAAAAAAAAAAAAAAAAAAAAAAAAAAAAAAAAAAAAAAAAAAAAAAAAAAAAAAAAAAAAAAAAAAAAAAAAAAAAAAAAAAAAAAAAAAAAAAAAAAAAAAAAAAAAAAAAAAAAAAAAAAAAAAAAAAAAAAAAAAAAAAAAAAAAAAAAAAAAAAAAAAAAAAAAAAAAAAAAAAAAAAAAAAAAAAAAAAAAAAAAAAAAAAAAAAAAAAAAAAAAAAAAAAAAAAAAAAAAAAAAAAAAAAAAAAAAAAAAAAAAAAAAAAAAAAAAAAAAAAAAAAAAAAAAAAAAAAAAAAAAAAAAAAAAAAAAAAAAAAAAAAAAAAAAAAAAAAAAAAAAAAAAAAAAAAAAAAAAAAAAAAAAAAAAAAAAAAAAAAAAAAAAAAAAAAAAAAAAAAAAAAAAAAAAAAAAAAAAAAAAAAAAAAAAAAAAAAAAAAAAAAAAAAAAAAAAAAAAAAAAAAAAAAAAAAAAAAAAAAAAAAAAAAAAAAAAAAAAAAAAAAAAAAAAAAAAAAAAAAAAAAAAAAAAAAAAAAAAAAAAAAAAAAAAAAAAAAAAAAAAAAAAAAAAAAAAAAAAAAAAAAAAAAAAAAAAAAAAAAAAAAAAAAAAAAAAAAAAAAAAAAAAAAAAAAAAAAAAAAAAAAAAAAAAAAAAAAAAAAAAAAAAAAAAAAAAAAAAAAAAAAAAAAAAAAAAAAAAAAAAAAAAAAAAAAAAAAAAAAAAAAAAAAAAAAAAAAAAAAAAAAAAAAAAAAAAAAAAAAAAAAAAAAAAAAAAAAAAAAAAAAAAAAAAAAAAAAAAAAAAAAAAAAAAAAAAAAAAAAAAAAAAAAAAAAAAAAAAAAAAAAAAAAAAAAAAAAAAAAAAAAAAAAAAAAAAAAAAAAAAAAAAAAAAAAAAAAAAAAAAAAAAAAAAAAAAAAAAAAAAAAAAAAAAAAAAAAAAAAAAAAAAAAAAAAAAAAAAAAAAAAAAAAAAAAAAAAAAAAAAAAAAAAAAAAAAAAAAAAAAAAAAAAAAAAAAAAAAAAAAAAAAAAAAAAAAAAAAAAAAAAAAAAAAAAAAAAAAAAAAAAAAAAAAAAAAAAAAAAAAAAAAAAAAAAAAAAAAAAAAAAAAAAAAAAAAAAAAAAAAAAAAAAAAAAAAAAAAAAAAAAAAAAAAAAAAAAAAAAAAAAAAAAAAAAAAAAAAAAAAAAAAAAAAAAAAAAAAAAAAAAAAAAAAAAAAAAAAAAAAAAAAAAAAAAAAAAAAAAAAAAAAAAAAAAAAAAAAAAAAAAAAAAAAAAAAAAAAAAAAAAAAAAAAAAAAAAAAAAAAAAAAAAAAAAAAAAAAAAAAAAAAAAAAAAAAAAAAAAAAAAAAAAAAAAAAAAAAAAAAAAAAAAAAAAAAAAAAAAAAAAAAAAAAAAAAAAAAAAAAAAAAAAAAAAAAAAAAAAAAAAAAAAAAAAAAAAAAAAAAAAAAAAAAAAAAAAAAAAAAAAAAAAAAAAAAAAAAAAAAAAAAAAAAAAAAAAAAAAAAAAAAAAAAAAAAAAAAAAAAAAAAAAAAAAAAAAAAAAAAAAAAAAAAAAAAAAAAAAAAAAAAAAAAAAAAAAAAAAAAAAAAAAAAAAAAAAAAAAAAAAAAAAAAAAAAAAAAAAAAAAAAAAAAAAAAAAAAAAAAAAAAAAAAAAAAAAAAAAAAAAAAAAAAAAAAAAAAAAAAAAAAAAAAAAAAAAAAAAAAAAAAAAAAAAAAAAAAAAAAAAAAAAAAAAAAAAAAAAAAAAAAAAAAAAAAAAAAAAAAAAAAAAAAAAAAAAAAAAAAAAAAAAAAAAAAAAAAAAAAAAAAAAAAAAAAAAAAAAAAAAAAAAAAAAAAAAAAAAAAAAAAAAAAAAAAAAAAAAAAAAAAAAAAAAAAAAAAAAAAAAAAAAAAAAAAAAAAAAAAAAAAAAAAAAAAAAAAAAAAAAAAAAAAAAAAAAAAAAAAAAAAAAAAAAAAAAAAAAAAAAAAAAAAAAAAAAAAAAAAAAAAAAAAAAAAAAAAAAAAAAAAAAAAAAAAAAAAAAAAAAAAAAAAAAAAAAAAAAAAAAAAAAAAAAAAAAAAAAAAAAAAAAAAAAAAAAAAAAAAAAAAAAAAAAAAAAAAAAAAAAAAAAAAAAAAAAAAAAAAAAAAAAAAAAAAAAAAAAAAAAAAAAAAAAAAAAAAAAAAAAAAAAAAAAAAAAAAAAAAAAAAAAAAAAAAAAAAAAAAAAAAAAAAAAAAAAAAAAAAAAAAAAAAAAAAAAAAAAAAAAAAAAAAAAAAAAAAAAAAAAAAAAAAAAAAAAAAAAAAAAAAAAAAAAAAAAAAAAAAAAAAAAAAAAAAAAAAAAAAAAAAAAAAAAAAAAAAAAAAAAAAAAAAAAAAAAAAAAAAAAAAAAAAAAAAAAAAAAAAAAAAAAAAAAAAAAAAAAAAAAAAAAAAAAAAAAAAAAAAAAAAAAAAAAAAAAAAAAAAAAAAAAAAAAAAAAAAAAAAAAAAAAAAAAAAAAAAAAAAAAAAAAAAAAAAAAAAAAAAAAAAAAAAAAAAAAAAAAAAAAAAAAAAAAAAAAAAAAAAAAAAAAAAAAAAAAAAAAAAAAAAAAAAAAAAAAAAAAAAAAAAAAAAAAAAAAAAAAAAAAAAAAAAAAAAAAAAAAAAAAAAAAAAAAAAAAAAAAAAAAAAAAAAAAAAAAAAAAAAAAAAAAAAAAAAAAAAAAAAAAAAAAAAAAAAAAAAAAAAAAAAAAAAAAAAAAAAAAAAAAAAAAAAAAAAAAAAAAAAAAAAAAAAAAAAAAAAAAAAAAAAAAAAAAAAAAAAAAAAAAAAAAAAAAAAAAAAAAAAAAAAAAAAAAAAAAAAAAAAAAAAAAAAAAAAAAAAAAAAAAAAAAAAAAAAAAAAAAAAAAAAAAAAAAAAAAAAAAAAAAAAAAAAAAAAAAAAAAAAAAAAAAAAAAAAAAAAAAAAAAAAAAAAAAAAAAAAAAAAAAAAAAAAAAAAAAAAAAAAAAAAAAAAAAAAAAAAAAAAAAAAAAAAAAAAAAAAAAAAAAAAAAAAAAAAAAAAAAAAAAAAAAAAAAAAAAAAAAAAAAAAAAAAAAAAAAAAAAAAAAAAAAAAAAAAAAAAAAAAAAAAAAAAAAAAAAAAAAAAAAAAAAAAAAAAAAAAAAAAAAAAAAAAAAAAAAAAAAAAAAAAAAAAAAAAAAAAAAAAAAAAAAAAAAAAAAAAAAAAAAAAAAAAAAAAAAAAAAAAAAAAAAAAAAAAAAAAAAAAAAAAAAAAAAAAAAAAAAAAAAAAAAAAAAAAAAAAAAAAAAAAAAAAAAAAAAAAAAAAAAAAAAAAAAAAAAAAAAAAAAAAAAAAAAAAAAAAAAAAAAAAAAAAAAAAAAAAAAAAAAAAAAAAAAAAAAAAAAAAAAAAAAAAAAAAAAAAAAAAAAAAAAAAAAAAAAAAAAAAAAAAAAAAAAAAAAAAAAAAAAAAAAAAAAAAAAAAAAAAAAAAAAAAAAAAAAAAAAAAAAAAAAAAAAAAAAAAAAAAAAAAAAAAAAAAAAAAAAAAAAAAAAAAAAAAAAAAAAAAAAAAAAAAAAAAAAAAAAAAAAAAAAAAAAAAAAAAAAAAAAAAAAAAAAAAAAAAAAAAAAAAAAAAAAAAAAAAAAAAAAAAAAAAAAAAAAAAAAAAAAAAAAAAAAAAAAAAAAAAAAAAAAAAAAAAAAAAAAAAAAAAAAAAAAAAAAAAAAAAAAAAAAAAAAAAAAAAAAAAAAAAAAAAAAAAAAAAAAAAAAAAAAAAAAAAAAAAAAAAAAAAAAAAAAAAAAAAAAAAAAAAAAAAAAAAAAAAAAAAAAAAAAAAAAAAAAAAAAAAAAAAAAAAAAAAAAAAAAAAAAAAAAAAAAAAAAAAAAAAAAAAAAAAAAAAAAAAAAAAAAAAAAAAAAAAAAAAAAAAAAAAAAAAAAAAAAAAAAAAAAAAAAAAAAAAAAAAAAAAAAAAAAAAAAAAAAAAAAAAAAAAAAAAAAAAAAAAAAAAAAAAAAAAAAAAAAAAAAAAAAAAAAAAAAAAAAAAAAAAAAAAAAAAAAAAAAAAAAAAAAAAAAAAAAAAAAAAAAAAAAAAAAAAAAAAAAAAAAAAAAAAAAAAAAAAAAAAAAAAAAAAAAAAAAAAAAAAAAAAAAAAAAAAAAAAAAAAAAAAAAAAAAAAAAAAAAAAAAAAAAAAAAAAAAAAAAAAAAAAAAAAAAAAAAAAAAAAAAAAAAAAAAAAAAAAAAAAAAAAAAAAAAAAAAAAAAAAAAAAAAAAAAAAAAAAAAAAAAAAAAAAAAAAAAAAAAAAAAAAAAAAAAAAAAAAAAAAAAAAAAAAAAAAAAAAAAAAAAAAAAAAAAAAAAAAAAAAAAAAAAAAAAAAAAAAAAAAAAAAAAAAAAAAAAAAAAAAAAAAAAAAAAAAAAAAAAAAAAAAAAAAAAAAAAAAAAAAAAAAAAAAAAAAAAAAAAAAAAAAAAAAAAAAAAAAAAAAAAAAAAAAAAAAAAAAAAAAAAAAAAAAAAAAAAAAAAAAAAAAAAAAAAAAAAAAAAAAAAAAAAAAAAAAAAAAAAAAAAAAAAAAAAAAAAAAAAAAAAAAAAAAAAAAAAAAAAAAAAAAAAAAAAAAAAAAAAAAAAAAAAAAAAAAAAAAAAAAAAAAAAAAAAAAAAAAAAAAAAAAAAAAAAAAAAAAAAAAAAAAAAAAAAAAAAAAAAAAAAAAAAAAAAAAAAAAAAAAAAAAAAAAAAAAAAAAAAAAAAAAAAAAAAAAAAAAAAAAAAAAAAAAAAAAAAAAAAAAAAAAAAAAAAAAAAAAAAAAAAAAAAAAAAAAAAAAAAAAAAAAAAAAAAAAAAAAAAAAAAAAAAAAAAAAAAAAAAAAAAAAAAAAAAAAAAAAAAAAAAAAAAAAAAAAAAAAAAAAAAAAAAAAAAAAAAAAAAAAAAAAAAAAAAAAAAAAAAAAAAAAAAAAAAAAAAAAAAAAAAAAAAAAAAAAAAAAAAAAAAAAAAAAAAAAAAAAAAAAAAAAAAAAAAAAAAAAAAAAAAAAAAAAAAAAAAAAAAAAAAAAAAAAAAAAAAAAAAAAAAAAAAAAAAAAAAAAAAAAAAAAAAAAAAAAAAAAAAAAAAAAAAAAAAAAAAAAAAAAAAAAAAAAAAAAAAAAAAAAAAAAAAAAAAAAAAAAAAAAAAAAAAAAAAAAAAAAAAAAAAAAAAAAAAAAAAAAAAAAAAAAAAAAAAAAAAAAAAAAAAAAAAAAAAAAAAAAAAAAAAAAAAAAAAAAAAAAAAAAAAAAAAAAAAAAAAAAAAAAAAAAAAAAAAAAAAAAAAAAAAAAAAAAAAAAAAAAAAAAAAAAAAAAAAAAAAAAAAAAAAAAAAAAAAAAAAAAAAAAAAAAAAAAAAAAAAAAAAAAAAAAAAAAAAAAAAAAAAAAAAAAAAAAAAAAAAAAAAAAAAAAAAAAAAAAAAAAAAAAAAAAAAAAAAAAAAAAAAAAAAAAAAAAAAAAAAAAAAAAAAAAAAAAAAAAAAAAAAAAAAAAAAAAAAAAAAAAAAAAAAAAAAAAAAAAAAAAAAAAAAAAAAAAAAAAAAAAAAAAAAAAAAAAAAAAAAAAAAAAAAAAAAAAAAAAAAAAAAAAAAAAAAAAAAAAAAAAAAAAAAAAAAAAAAAAAAAAAAAAAAAAAAAAAAAAAAAAAAAAAAAAAAAAAAAAAAAAAAAAAAAAAAAAAAAAAAAAAAAAAAAAAAAAAAAAAAAAAAAAAAAAAAAAAAAAAAAAAAAAAAAAAAAAAAAAAAAAAAAAAAAAAAAAAAAAAAAAAAAAAAAAAAAAAAAAAAAAAAAAAAAAAAAAAAAAAAAAAAAAAAAAAAAAAAAAAAAAAAAAAAAAAAAAAAAAAAAAAAAAAAAAAAAAAAAAAAAAAAAAAAAAAAAAAAAAAAAAAAAAAAAAAAAAAAAAAAAAAAAAAAAAAAAAAAAAAAAAAAAAAAAAAAAAAAAAAAAAAAAAAAAAAAAAAAAAAAAAAAAAAAAAAAAAAAAAAAAAAAAAAAAAAAAAAAAAAAAAAAAAAAAAAAAAAAAAAAAAAAAAAAAAAAAAAAAAAAAAAAAAAAAAAAAAAAAAAAAAAAAAAAAAAAAAAAAAAAAAAAAAAAAAAAAAAAAAAAAAAAAAAAAAAAAAAAAAAAAAAAAAAAAAAAAAAAAAAAAAAAAAAAAAAAAAAAAAAAAAAAAAAAAAAAAAAAAAAAAAAAAAAAAAAAAAAAAAAAAAAAAAAAAAAAAAAAAAAAAAAAAAAAAAAAAAAAAAAAAAAAAAAAAAAAAAAAAAAAAAAAAAAAAAAAAAAAAAAAAAAAAAAAAAAAAAAAAAAAAAAAAAAAAAAAAAAAAAAAAAAAAAAAAAAAAAAAAAAAAAAAAAAAAAAAAAAAAAAAAAAAAAAAAAAAAAAAAAAAAAAAAAAAAAAAAAAAAAAAAAAAAAAAAAAAAAAAAAAAAAAAAAAAAAAAAAAAAAAAAAAAAAAAAAAAAAAAAAAAAAAAAAAAAAAAAAAAAAAAAAAAAAAAAAAAAAAAAAAAAAAAAAAAAAAAAAAAAAAAAAAAAAAAAAAAAAAAAAAAAAAAAAAAAAAAAAAAAAAAAAAAAAAAAAAAAAAAAAAAAAAAAAAAAAAAAAAAAAAAAAAAAAAAAAAAAAAAAAAAAAAAAAAAAAAAAAAAAAAAAAAAAAAAAAAAAAAAAAAAAAAAAAAAAAAAAAAAAAAAAAAAAAAAAAAAAAAAAAAAAAAAAAAAAAAAAAAAAAAAAAAAAAAAAAAAAAAAAAAAAAAAAAAAAAAAAAAAAAAAAAAAAAAAAAAAAAAAAAAAAAAAAAAAAAAAAAAAAAAAAAAAAAAAAAAAAAAAAAAAAAAAAAAAAAAAAAAAAAAAAAAAAAAAAAAAAAAAAAAAAAAAAAAAAAAAAAAAAAAAAAAAAAAAAAAAAAAAAAAAAAAAAAAAAAAAAAAAAAAAAAAAAAAAAAAAAAAAAAAAAAAAAAAAAAAAAAAAAAAAAAAAAAAAAAAAAAAAAAAAAAAAAAAAAAAAAAAAAAAAAAAAAAAAAAAAAAAAAAAAAAAAAAAAAAAAAAAAAAAAAAAAAAAAAAAAAAAAAAAAAAAAAAAAAAAAAAAAAAAAAAAAAAAAAAAAAAAAAAAAAAAAAAAAAAAAAAAAAAAAAAAAAAAAAAAAAAAAAAAAAAAAAAAAAAAAAAAAAAAAAAAAAAAAAAAAAAAAAAAAAAAAAAAAAAAAAAAAAAAAAAAAAAAAAAAAAAAAAAAAAAAAAAAAAAAAAAAAAAAAAAAAAAAAAAAAAAAAAAAAAAAAAAAAAAAAAAAAAAAAAAAAAAAAAAAAAAAAAAAAAAAAAAAAAAAAAAAAAAAAAAAAAAAAAAAAAAAAAAAAAAAAAAAAAAAAAAAAAAAAAAAAAAAAAAAAAAAAAAAAAAAAAAAAAAAAAAAAAAAAAAAAAAAAAAAAAAAAAAAAAAAAAAAAAAAAAAAAAAAAAAAAAAAAAAAAAAAAAAAAAAAAAAAAAAAAAAAAAAAAAAAAAAAAAAAAAAAAAAAAAAAAAAAAAAAAAAAAAAAAAAAAAAAAAAAAAAAAAAAAAAAAAAAAAAAAAAAAAAAAAAAAAAAAAAAAAAAAAAAAAAAAAAAAAAAAAAAAAAAAAAAAAAAAAAAAAAAAAAAAAAAAAAAAAAAAAAAAAAAAAAAAAAAAAAAAAAAAAAAAAAAAAAAAAAAAAAAAAAAAAAAAAAAAAAAAAAAAAAAAAAAAAAAAAAAAAAAAAAAAAAAAAAAAAAAAAAAAAAAAAAAAAAAAAAAAAAAAAAAAAAAAAAAAAAAAAAAAAAAAAAAAAAAAAAAAAAAAAAAAAAAAAAAAAAAAAAAAAAAAAAAAAAAAAAAAAAAAAAAAAAAAAAAAAAAAAAAAAAAAAAAAAAAAAAAAAAAAAAAAAAAAAAAAAAAAAAAAAAAAAAAAAAAAAAAAAAAAAAAAAAAAAAAAAAAAAAAAAAAAAAAAAAAAAAAAAAAAAAAAAAAAAAAAAAAAAAAAAAAAAAAAAAAAAAAAAAAAAAAAAAAAAAAAAAAAAAAAAAAAAAAAAAAAAAAAAAAAAAAAAAAAAAAAAAAAAAAAAAAAAAAAAAAAAAAAAAAAAAAAAAAAAAAAAAAAAAAAAAAAAAAAAAAAAAAAAAAAAAAAAAAAAAAAAAAAAAAAAAAAAAAAAAAAAAAAAAAAAAAAAAAAAAAAAAAAAAAAAAAAAAAAAAAAAAAAAAAAAAAAAAAAAAAAAAAAAAAAAAAAAAAAAAAAAAAAAAAAAAAAAAAAAAAAAAAAAAAAAAAAAAAAAAAAAAAAAAAAAAAAAAAAAAAAAAAAAAAAAAAAAAAAAAAAAAAAAAAAAAAAAAAAAAAAAAAAAAAAAAAAAAAAAAAAAAAAAAAAAAAAAAAAAAAAAAAAAAAAAAAAAAAAAAAAAAAAAAAAAAAAAAAAAAAAAAAAAAAAAAAAAAAAAAAAAAAAAAAAAAAAAAAAAAAAAAAAAAAAAAAAAAAAAAAAAAAAAAAAAAAAAAAAAAAAAAAAAAAAAAAAAAAAAAAAAAAAAAAAAAAAAAAAAAAAAAAAAAAAAAAAAAAAAAAAAAAAAAAAAAAAAAAAAAAAAAAAAAAAAAAAAAAAAAAAAAAAAAAAAAAAAAAAAAAAAAAAAAAAAAAAAAAAAAAAAAAAAAAAAAAAAAAAAAAAAAAAAAAAAAAAAAAAAAAAAAAAAAAAAAAAAAAAAAAAAAAAAAAAAAAAAAAAAAAAAAAAAAAAAAAAAAAAAAAAAAAAAAAAAAAAAAAAAAAAAAAAAAAAAAAAAAAAAAAAAAAAAAAAAAAAAAAAAAAAAAAAAAAAAAAAAAAAAAAAAAAAAAAAAAAAAAAAAAAAAAAAAAAAAAAAAAAAAAAAAAAAAAAAAAAAAAAAAAAAAAAAAAAAAAAAAAAAAAAAAAAAAAAAAAAAAAAAAAAAAAAAAAAAAAAAAAAAAAAAAAAAAAAAAAAAAAAAAAAAAAAAAAAAAAAAAAAAAAAAAAAAAAAAAAAAAAAAAAAAAAAAAAAAAAAAAAAAAAAAAAAAAAAAAAAAAAAAAAAAAAAAAAAAESMAYBQAAAARQF9fWk5TdDNfXzE0Y291dEUAUXIAkEBfX1pOU3QzX18xNWN0eXBlSWNFMmlkRQCQQF9fX2d4eF9wZXJzb25hbGl0eV92MACQEkBkeWxkX3N0dWJfYmluZGVyAJAAAABAX19aTlN0M19fMTExY2hhcl90cmFpdHNJY0UxMWVxX2ludF90eXBlRWlpAFFzGJBAX19aTlN0M19fMTExY2hhcl90cmFpdHNJY0UzZW9mRXYAkEBfX1pOU3QzX18xMTFjaGFyX3RyYWl0c0ljRTZsZW5ndGhFUEtjAJBAX19aTlN0M19fMTI0X19wdXRfY2hhcmFjdGVyX3NlcXVlbmNlSWNOU18xMWNoYXJfdHJhaXRzSWNFRUVFUk5TXzEzYmFzaWNfb3N0cmVhbUlUX1QwX0VFUzdfUEtTNF9tAIAgkEBfX1pOU3QzX18xbHNJTlNfMTFjaGFyX3RyYWl0c0ljRUVFRVJOU18xM2Jhc2ljX29zdHJlYW1JY1RfRUVTNl9QS2MAgBiQAHMAEkBfX1Vud2luZF9SZXN1bWUAkABzCBFAX19aTktTdDNfXzE2bG9jYWxlOXVzZV9mYWNldEVSTlMwXzJpZEUAkABzEBFAX19aTktTdDNfXzE4aW9zX2Jhc2U2Z2V0bG9jRXYAkABzMBFAX19aTlN0M19fMTEyYmFzaWNfc3RyaW5nSWNOU18xMWNoYXJfdHJhaXRzSWNFRU5TXzlhbGxvY2F0b3JJY0VFRTZfX2luaXRFbWMAkABzOBFAX19aTlN0M19fMTEyYmFzaWNfc3RyaW5nSWNOU18xMWNoYXJfdHJhaXRzSWNFRU5TXzlhbGxvY2F0b3JJY0VFRUQxRXYAkABzQBFAX19aTlN0M19fMTEzYmFzaWNfb3N0cmVhbUljTlNfMTFjaGFyX3RyYWl0c0ljRUVFNnNlbnRyeUMxRVJTM18AkABzSBFAX19aTlN0M19fMTEzYmFzaWNfb3N0cmVhbUljTlNfMTFjaGFyX3RyYWl0c0ljRUVFNnNlbnRyeUQxRXYAkABzWBFAX19aTlN0M19fMTZsb2NhbGVEMUV2AJAAc2ARQF9fWk5TdDNfXzE4aW9zX2Jhc2UzM19fc2V0X2JhZGJpdF9hbmRfY29uc2lkZXJfcmV0aHJvd0V2AJAAc2gRQF9fWk5TdDNfXzE4aW9zX2Jhc2U1Y2xlYXJFagCQAHN4EUBfX1pTdDl0ZXJtaW5hdGV2AJAAc4ABEUBfX19jeGFfYmVnaW5fY2F0Y2gAkABziAERQF9fX2N4YV9jYWxsX3VuZXhwZWN0ZWQAkABzkAERQF9fX2N4YV9lbmRfY2F0Y2gAkABzmAESQF9zdHJsZW4AkAAAAAAAAV8ABQACXwAQbWFpbgAzAAJtaF9leGVjdXRlX2hlYWRlcgAvWk5TdDNfXzEAOAIAAAADAMBhAAADbHNJTlNfMTFjaGFyX3RyYWl0c0ljRUVFRVJOU18xM2Jhc2ljX29zdHJlYW1JY1RfRUVTNl9QS2MA4QEyNF9fcHV0X2NoYXJhY3Rlcl9zZXF1ZW5jZUljTlNfMTFjaGFyX3RyYWl0c0ljRUVFRVJOU18xM2Jhc2ljX29zdHJlYW1JVF9UMF9FRVM3X1BLUzRfbQDmATExY2hhcl90cmFpdHNJY0UA6wEDBPBhAAMEsGIAAAM2bGVuZ3RoRVBLYwCXAjExZXFfaW50X3R5cGVFaWkAnAIzZW9mRXYAoQIDBKBmAAMEsHgAAwTQeAAAAMBhMEDwAyAgwAUwIHBwMBAwECAwMDAwMCBQMGAQECAgEBBQMCAwIBAgEGAgICAQkAEwMAAAAAAAoQMAAA4BAABAMwAAAQAAAN8DAAAeAYAAYDMAAAEAAABTBAAADgEAACA2AAABAAAApwQAAA4BAABQNgAAAQAAAMQEAAAOAQAAcDYAAAEAAAD4BAAADgEAAOA2AAABAAAAOQUAAA4BAABQNwAAAQAAAHAFAAAeAYAAgDcAAAEAAACIBQAADgEAAJA3AAABAAAApwUAAA4BAADANwAAAQAAAPIFAAAOAQAA0DcAAAEAAAAPBgAADgEAAPA3AAABAAAATQYAAA4BAAAgOAAAAQAAAJMGAAAOAQAAUDgAAAEAAADcBgAADgEAAIA4AAABAAAA+AYAAA4BAACwOAAAAQAAAB0HAAAOAQAA4DgAAAEAAABCBwAADgEAAAA5AAABAAAAiAcAAA4BAABQOQAAAQAAABIIAAAOAQAAgDkAAAEAAACcCAAADgEAAOA5AAABAAAA7wgAAA4BAADwOQAAAQAAAHcJAAAOAQAAADoAAAEAAADQCQAADgEAACA6AAABAAAA7AkAAA4BAABAOgAAAQAAACQKAAAOAQAAUDoAAAEAAABJCgAADgEAAGA6AAABAAAAnAoAAA4BAACwOgAAAQAAAOoKAAAOAQAA4DoAAAEAAABCCwAADgEAAAA7AAABAAAAmwsAAA4BAAAwOwAAAQAAAAcMAAAOAQAAUDsAAAEAAAB9DAAADgEAAGA7AAABAAAArgwAAA4BAACAOwAAAQAAANAMAAAOAQAAkDsAAAEAAAAkDQAADgEAAPA7AAABAAAAWQ0AAA4BAAAQPAAAAQAAAHYNAAAOAQAAYDwAAAEAAACrDQAADgEAAPA8AAABAAAA4g0AAA4BAAAgPQAAAQAAAP8NAAAOAQAAUD0AAAEAAAAeDgAADgQAAJQ+AAABAAAAMA4AAA4EAADUPgAAAQAAAEIOAAAOBAAA+D4AAAEAAABUDgAADgQAAAw/AAABAAAAZw4AAA4EAAAgPwAAAQAAAHoOAAAOCQAAoIAAAAEAAAACAAAADwGAADA8AAABAAAALQAAAA8BgABQPAAAAQAAAE4AAAAPAYAAIDMAAAEAAAB0AAAADwGAADAxAAABAAAA1QAAAA8BgADwMAAAAQAAABgBAAAPARAAAAAAAAEAAAAsAQAADwEAAMAwAAABAAAAMgEAAAEAAAIAAAAAAAAAAEIBAAABAAABAAAAAAAAAABpAQAAAQAAAQAAAAAAAAAAhwEAAAEAAAEAAAAAAAAAANIBAAABAAABAAAAAAAAAAAXAgAAAQAAAQAAAAAAAAAAVgIAAAEAAAEAAAAAAAAAAJICAAABAAABAAAAAAAAAACjAgAAAQAAAQAAAAAAAAAAuwIAAAEAAAEAAAAAAAAAANECAAABAAABAAAAAAAAAAAKAwAAAQAAAQAAAAAAAAAAJgMAAAEAAAEAAAAAAAAAADcDAAABAAABAAAAAAAAAABKAwAAAQAAAQAAAAAAAAAAYQMAAAEAAAEAAAAAAAAAAHIDAAABAAABAAAAAAAAAACIAwAAAQAAAgAAAAAAAAAAkAMAAAEAAAIAAAAAAAAAADYAAAA3AAAAOAAAAC8AAAAwAAAAMQAAADkAAAA6AAAAOwAAADwAAAAyAAAAPwAAAEAAAABBAAAAMwAAAEIAAABDAAAARAAAAEUAAABHAAAAPQAAAD4AAABGAAAASAAAADYAAAA3AAAAOAAAAC8AAAAwAAAAMQAAADkAAAA6AAAAOwAAADwAAAAyAAAAPwAAAEAAAABBAAAAMwAAAEIAAABDAAAARAAAAEUAAABHAAAAIABfX1pOU3QzX18xMTFjaGFyX3RyYWl0c0ljRTExZXFfaW50X3R5cGVFaWkAX19aTlN0M19fMTExY2hhcl90cmFpdHNJY0UzZW9mRXYAX19aTlN0M19fMTExY2hhcl90cmFpdHNJY0U2bGVuZ3RoRVBLYwBfX1pOU3QzX18xMjRfX3B1dF9jaGFyYWN0ZXJfc2VxdWVuY2VJY05TXzExY2hhcl90cmFpdHNJY0VFRUVSTlNfMTNiYXNpY19vc3RyZWFtSVRfVDBfRUVTN19QS1M0X20AX19aTlN0M19fMWxzSU5TXzExY2hhcl90cmFpdHNJY0VFRUVSTlNfMTNiYXNpY19vc3RyZWFtSWNUX0VFUzZfUEtjAF9fbWhfZXhlY3V0ZV9oZWFkZXIAX21haW4AX19VbndpbmRfUmVzdW1lAF9fWk5LU3QzX18xNmxvY2FsZTl1c2VfZmFjZXRFUk5TMF8yaWRFAF9fWk5LU3QzX18xOGlvc19iYXNlNmdldGxvY0V2AF9fWk5TdDNfXzExMmJhc2ljX3N0cmluZ0ljTlNfMTFjaGFyX3RyYWl0c0ljRUVOU185YWxsb2NhdG9ySWNFRUU2X19pbml0RW1jAF9fWk5TdDNfXzExMmJhc2ljX3N0cmluZ0ljTlNfMTFjaGFyX3RyYWl0c0ljRUVOU185YWxsb2NhdG9ySWNFRUVEMUV2AF9fWk5TdDNfXzExM2Jhc2ljX29zdHJlYW1JY05TXzExY2hhcl90cmFpdHNJY0VFRTZzZW50cnlDMUVSUzNfAF9fWk5TdDNfXzExM2Jhc2ljX29zdHJlYW1JY05TXzExY2hhcl90cmFpdHNJY0VFRTZzZW50cnlEMUV2AF9fWk5TdDNfXzE0Y291dEUAX19aTlN0M19fMTVjdHlwZUljRTJpZEUAX19aTlN0M19fMTZsb2NhbGVEMUV2AF9fWk5TdDNfXzE4aW9zX2Jhc2UzM19fc2V0X2JhZGJpdF9hbmRfY29uc2lkZXJfcmV0aHJvd0V2AF9fWk5TdDNfXzE4aW9zX2Jhc2U1Y2xlYXJFagBfX1pTdDl0ZXJtaW5hdGV2AF9fX2N4YV9iZWdpbl9jYXRjaABfX19jeGFfY2FsbF91bmV4cGVjdGVkAF9fX2N4YV9lbmRfY2F0Y2gAX19fZ3h4X3BlcnNvbmFsaXR5X3YwAF9zdHJsZW4AZHlsZF9zdHViX2JpbmRlcgBfX1pOS1N0M19fMTEzYmFzaWNfb3N0cmVhbUljTlNfMTFjaGFyX3RyYWl0c0ljRUVFNnNlbnRyeWN2YkV2AF9fWk5TdDNfXzExNl9fcGFkX2FuZF9vdXRwdXRJY05TXzExY2hhcl90cmFpdHNJY0VFRUVOU18xOW9zdHJlYW1idWZfaXRlcmF0b3JJVF9UMF9FRVM2X1BLUzRfUzhfUzhfUk5TXzhpb3NfYmFzZUVTNF8AX19aTlN0M19fMTE5b3N0cmVhbWJ1Zl9pdGVyYXRvckljTlNfMTFjaGFyX3RyYWl0c0ljRUVFQzFFUk5TXzEzYmFzaWNfb3N0cmVhbUljUzJfRUUAX19aTktTdDNfXzE4aW9zX2Jhc2U1ZmxhZ3NFdgBfX1pOS1N0M19fMTliYXNpY19pb3NJY05TXzExY2hhcl90cmFpdHNJY0VFRTRmaWxsRXYAX19aTktTdDNfXzExOW9zdHJlYW1idWZfaXRlcmF0b3JJY05TXzExY2hhcl90cmFpdHNJY0VFRTZmYWlsZWRFdgBfX1pOU3QzX18xOWJhc2ljX2lvc0ljTlNfMTFjaGFyX3RyYWl0c0ljRUVFOHNldHN0YXRlRWoAX19fY2xhbmdfY2FsbF90ZXJtaW5hdGUAX19aTlN0M19fMUwxNV9fZ2V0X251bGxwdHJfdEV2AF9fWk5LU3QzX18xOW51bGxwdHJfdGN2UFRfSU5TXzE1YmFzaWNfc3RyZWFtYnVmSWNOU18xMWNoYXJfdHJhaXRzSWNFRUVFRUV2AF9fWk5LU3QzX18xOGlvc19iYXNlNXdpZHRoRXYAX19aTlN0M19fMTE1YmFzaWNfc3RyZWFtYnVmSWNOU18xMWNoYXJfdHJhaXRzSWNFRUU1c3B1dG5FUEtjbABfX1pOU3QzX18xMTJiYXNpY19zdHJpbmdJY05TXzExY2hhcl90cmFpdHNJY0VFTlNfOWFsbG9jYXRvckljRUVFQzFFbWMAX19aTktTdDNfXzExMmJhc2ljX3N0cmluZ0ljTlNfMTFjaGFyX3RyYWl0c0ljRUVOU185YWxsb2NhdG9ySWNFRUU0ZGF0YUV2AF9fWk5TdDNfXzE4aW9zX2Jhc2U1d2lkdGhFbABfX1pOU3QzX18xOW51bGxwdHJfdEMxRU1OUzBfNV9fbmF0RWkAX19aTlN0M19fMTludWxscHRyX3RDMkVNTlMwXzVfX25hdEVpAF9fWk5TdDNfXzExMmJhc2ljX3N0cmluZ0ljTlNfMTFjaGFyX3RyYWl0c0ljRUVOU185YWxsb2NhdG9ySWNFRUVDMkVtYwBfX1pOU3QzX18xMTdfX2NvbXByZXNzZWRfcGFpcklOU18xMmJhc2ljX3N0cmluZ0ljTlNfMTFjaGFyX3RyYWl0c0ljRUVOU185YWxsb2NhdG9ySWNFRUU1X19yZXBFUzVfRUMxSU5TXzE4X19kZWZhdWx0X2luaXRfdGFnRVNBX0VFT1RfT1QwXwBfX1pOU3QzX18xMTdfX2NvbXByZXNzZWRfcGFpcklOU18xMmJhc2ljX3N0cmluZ0ljTlNfMTFjaGFyX3RyYWl0c0ljRUVOU185YWxsb2NhdG9ySWNFRUU1X19yZXBFUzVfRUMySU5TXzE4X19kZWZhdWx0X2luaXRfdGFnRVNBX0VFT1RfT1QwXwBfX1pOU3QzX18xTDdmb3J3YXJkSU5TXzE4X19kZWZhdWx0X2luaXRfdGFnRUVFT1RfUk5TXzE2cmVtb3ZlX3JlZmVyZW5jZUlTMl9FNHR5cGVFAF9fWk5TdDNfXzEyMl9fY29tcHJlc3NlZF9wYWlyX2VsZW1JTlNfMTJiYXNpY19zdHJpbmdJY05TXzExY2hhcl90cmFpdHNJY0VFTlNfOWFsbG9jYXRvckljRUVFNV9fcmVwRUxpMEVMYjBFRUMyRU5TXzE4X19kZWZhdWx0X2luaXRfdGFnRQBfX1pOU3QzX18xMjJfX2NvbXByZXNzZWRfcGFpcl9lbGVtSU5TXzlhbGxvY2F0b3JJY0VFTGkxRUxiMUVFQzJFTlNfMThfX2RlZmF1bHRfaW5pdF90YWdFAF9fWk5TdDNfXzE5YWxsb2NhdG9ySWNFQzJFdgBfX1pOU3QzX18xMTZfX25vbl90cml2aWFsX2lmSUxiMUVOU185YWxsb2NhdG9ySWNFRUVDMkV2AF9fWk5TdDNfXzFMMTJfX3RvX2FkZHJlc3NJS2NFRVBUX1MzXwBfX1pOS1N0M19fMTEyYmFzaWNfc3RyaW5nSWNOU18xMWNoYXJfdHJhaXRzSWNFRU5TXzlhbGxvY2F0b3JJY0VFRTEzX19nZXRfcG9pbnRlckV2AF9fWk5LU3QzX18xMTJiYXNpY19zdHJpbmdJY05TXzExY2hhcl90cmFpdHNJY0VFTlNfOWFsbG9jYXRvckljRUVFOV9faXNfbG9uZ0V2AF9fWk5LU3QzX18xMTJiYXNpY19zdHJpbmdJY05TXzExY2hhcl90cmFpdHNJY0VFTlNfOWFsbG9jYXRvckljRUVFMThfX2dldF9sb25nX3BvaW50ZXJFdgBfX1pOS1N0M19fMTEyYmFzaWNfc3RyaW5nSWNOU18xMWNoYXJfdHJhaXRzSWNFRU5TXzlhbGxvY2F0b3JJY0VFRTE5X19nZXRfc2hvcnRfcG9pbnRlckV2AF9fWk5LU3QzX18xMTdfX2NvbXByZXNzZWRfcGFpcklOU18xMmJhc2ljX3N0cmluZ0ljTlNfMTFjaGFyX3RyYWl0c0ljRUVOU185YWxsb2NhdG9ySWNFRUU1X19yZXBFUzVfRTVmaXJzdEV2AF9fWk5LU3QzX18xMjJfX2NvbXByZXNzZWRfcGFpcl9lbGVtSU5TXzEyYmFzaWNfc3RyaW5nSWNOU18xMWNoYXJfdHJhaXRzSWNFRU5TXzlhbGxvY2F0b3JJY0VFRTVfX3JlcEVMaTBFTGIwRUU1X19nZXRFdgBfX1pOU3QzX18xMTRwb2ludGVyX3RyYWl0c0lQS2NFMTBwb2ludGVyX3RvRVJTMV8AX19aTlN0M19fMUw5YWRkcmVzc29mSUtjRUVQVF9SUzJfAF9fWk5TdDNfXzExOW9zdHJlYW1idWZfaXRlcmF0b3JJY05TXzExY2hhcl90cmFpdHNJY0VFRUMyRVJOU18xM2Jhc2ljX29zdHJlYW1JY1MyX0VFAF9fWk5LU3QzX18xOWJhc2ljX2lvc0ljTlNfMTFjaGFyX3RyYWl0c0ljRUVFNXJkYnVmRXYAX19aTktTdDNfXzE4aW9zX2Jhc2U1cmRidWZFdgBfX1pOS1N0M19fMTliYXNpY19pb3NJY05TXzExY2hhcl90cmFpdHNJY0VFRTV3aWRlbkVjAF9fWk5TdDNfXzFMOXVzZV9mYWNldElOU181Y3R5cGVJY0VFRUVSS1RfUktOU182bG9jYWxlRQBfX1pOS1N0M19fMTVjdHlwZUljRTV3aWRlbkVjAF9fWk5TdDNfXzE4aW9zX2Jhc2U4c2V0c3RhdGVFagBHQ0NfZXhjZXB0X3RhYmxlMgBHQ0NfZXhjZXB0X3RhYmxlNQBHQ0NfZXhjZXB0X3RhYmxlOQBHQ0NfZXhjZXB0X3RhYmxlMzgAR0NDX2V4Y2VwdF90YWJsZTQzAF9fZHlsZF9wcml2YXRlAAAAAAAAAAA=', 1, 1, 71, 'Runtime Error (NZEC)', 'ICBGaWxlICJzY3JpcHQucHkiLCBsaW5lIDEKU3ludGF4RXJyb3I6IE5vbi1V\r\nVEYtOCBjb2RlIHN0YXJ0aW5nIHdpdGggJ1x4Y2YnIGluIGZpbGUgc2NyaXB0\r\nLnB5IG9uIGxpbmUgMSwgYnV0IG5vIGVuY29kaW5nIGRlY2xhcmVkOyBzZWUg\r\naHR0cDovL3B5dGhvbi5vcmcvZGV2L3BlcHMvcGVwLTAyNjMvIGZvciBkZXRh\r\naWxzCg==\r\n', '0.026', '3372', '2022-10-04 00:51:38', '2022-10-04 00:51:38');
INSERT INTO `submissions` (`id`, `token`, `source_code`, `who`, `problem`, `lang`, `verdict`, `stderr`, `time`, `memory`, `created_at`, `updated_at`) VALUES
(23, 'a088a999-01ab-4e78-b1e2-e4d5ba64db47', 'I2luY2x1ZGU8c3RkaW8uaD4KCmludCBtYWluKCkKewogICAgaW50IHQsYSxiOwogICAgc2NhbmYoIiVkIiwgJnQpOwogICAgZm9yKGludCBpPTA7aTx0O2krKyl7CiAgICAgICAgc2NhbmYoIiVkJWQiLCZhLCZiKTsKICAgICAgICBwcmludGYoIiVkXG4iLCBhK2IpOwogICAgfQoKCn0=', 3, 2, 50, 'Accepted', '0', '0.005', '12994', '2022-10-08 06:27:34', '2022-10-08 06:27:34'),
(24, '0d33c50d-e3de-44ab-9837-45f1c4a073c7', 'IyBSb2xsIE5vOiA0NAojIERlcGFydG1lbnQ6IENvbXB1dGVyIFNjaWVuY2UgJiBFbmdpbmVlcmluZwojIFNlc3Npb246IDIwMTktMjAyMAoKaWQgPSBpbnB1dCgpCnNlc3Npb24gPSBpZFswOjJdCmRlcGFydG1lbnQgPSBpZFsyOjRdCnJvbGxfbm8gPSBzdHIoaWRbNDo2XSkKaWYoZGVwYXJ0bWVudD09JzEwJyk6CiAgICBkZXBhcnRtZW50ID0iQ2l2aWwgRW5naW5lZXJpbmciCgplbGlmKGRlcGFydG1lbnQ9PScyMCcpOgogICAgZGVwYXJ0bWVudCA9ICJFbGVjdHJpY2FsICYgRWxlY3Ryb25pYyBFbmdpbmVlcmluZyIKCmVsaWYoZGVwYXJ0bWVudD09JzMwJyk6CiAgICBkZXBhcnRtZW50ID0gIkNvbXB1dGVyIFNjaWVuY2UgJiBFbmdpbmVlcmluZyIKCgpwcmludCgiUm9sbCBObzoiLHJvbGxfbm8pCnByaW50KCJEZXBhcnRtZW50OiIsZGVwYXJ0bWVudCkKcHJpbnQoIlNlc3Npb246IDIwe30tMjB7fSIuZm9ybWF0KHNlc3Npb24sc3RyKGludChzZXNzaW9uKSsxKSkpCgo=', 3, 5, 71, 'Accepted', '0', '0.044', '5314', '2022-10-08 08:00:54', '2022-10-08 08:00:54'),
(25, '484c913e-a729-4fba-85aa-bd05f07148b9', 'IyBSb2xsIE5vOiA0NAojIERlcGFydG1lbnQ6IENvbXB1dGVyIFNjaWVuY2UgJiBFbmdpbmVlcmluZwojIFNlc3Npb246IDIwMTktMjAyMAoKaWQgPSBpbnB1dCgpCnNlc3Npb24gPSBpZFswOjJdCmRlcGFydG1lbnQgPSBpZFsyOjRdCnJvbGxfbm8gPSBzdHIoaWRbNDo2XSkKaWYoZGVwYXJ0bWVudD09JzEwJyk6CiAgICBkZXBhcnRtZW50ID0iQ2l2aWwgRW5naW5lZXJpbmciCgplbGlmKGRlcGFydG1lbnQ9PScyMCcpOgogICAgZGVwYXJ0bWVudCA9ICJFbGVjdHJpY2FsICYgRWxlY3Ryb25pYyBFbmdpbmVlcmluZyIKCmVsaWYoZGVwYXJ0bWVudD09JzMwJyk6CiAgICBkZXBhcnRtZW50ID0gIkNvbXB1dGVyIFNjaWVuY2UgJiBFbmdpbmVlcmluZyIKCgpwcmludCgiUm9sbCBObzoiLHJvbGxfbm8pCnByaW50KCJEZXBhcnRtZW50OiIsZGVwYXJ0bWVudCkKcHJpbnQoIlNlc3Npb246IDIwe30tMjB7fSIuZm9ybWF0KHNlc3Npb24sc3RyKGludChzZXNzaW9uKSsxKSkpCgo=', 1, 5, 71, 'Accepted', '0', '0.038', '3480', '2022-10-08 08:02:51', '2022-10-08 08:02:51');

-- --------------------------------------------------------

--
-- Table structure for table `users`
--

CREATE TABLE `users` (
  `id` int(11) NOT NULL,
  `FullName` varchar(50) NOT NULL,
  `UserName` varchar(50) NOT NULL,
  `Email` varchar(50) NOT NULL,
  `password` varchar(50) NOT NULL
) ENGINE=InnoDB DEFAULT CHARSET=utf8mb4;

--
-- Dumping data for table `users`
--

INSERT INTO `users` (`id`, `FullName`, `UserName`, `Email`, `password`) VALUES
(1, 'Parvez Ahammed', 'admin', 'parvezdirom2000@gmail.com', 'admin');

--
-- Indexes for dumped tables
--

--
-- Indexes for table `languages`
--
ALTER TABLE `languages`
  ADD PRIMARY KEY (`id`);

--
-- Indexes for table `problem_sets`
--
ALTER TABLE `problem_sets`
  ADD PRIMARY KEY (`id`);

--
-- Indexes for table `submissions`
--
ALTER TABLE `submissions`
  ADD PRIMARY KEY (`id`);

--
-- Indexes for table `users`
--
ALTER TABLE `users`
  ADD PRIMARY KEY (`id`),
  ADD UNIQUE KEY `Email` (`Email`);

--
-- AUTO_INCREMENT for dumped tables
--

--
-- AUTO_INCREMENT for table `languages`
--
ALTER TABLE `languages`
  MODIFY `id` bigint(20) UNSIGNED NOT NULL AUTO_INCREMENT, AUTO_INCREMENT=90;

--
-- AUTO_INCREMENT for table `problem_sets`
--
ALTER TABLE `problem_sets`
  MODIFY `id` bigint(20) UNSIGNED NOT NULL AUTO_INCREMENT, AUTO_INCREMENT=6;

--
-- AUTO_INCREMENT for table `submissions`
--
ALTER TABLE `submissions`
  MODIFY `id` bigint(20) UNSIGNED NOT NULL AUTO_INCREMENT, AUTO_INCREMENT=26;

--
-- AUTO_INCREMENT for table `users`
--
ALTER TABLE `users`
  MODIFY `id` int(11) NOT NULL AUTO_INCREMENT, AUTO_INCREMENT=2;
COMMIT;

/*!40101 SET CHARACTER_SET_CLIENT=@OLD_CHARACTER_SET_CLIENT */;
/*!40101 SET CHARACTER_SET_RESULTS=@OLD_CHARACTER_SET_RESULTS */;
/*!40101 SET COLLATION_CONNECTION=@OLD_COLLATION_CONNECTION */;
